date,neg,neu,pos,compound
2019-04-21,0.197,0.803,0.0,-0.4019
2019-04-22,0.345,0.473,0.182,-0.34
2019-04-24,0.0,0.824,0.176,0.128
2019-04-20,0.189,0.551,0.26,0.2263
2019-04-23,0.175,0.723,0.102,-0.296
2019-04-17,0.126,0.874,0.0,-0.0772
2019-04-19,0.0,1.0,0.0,0.0
2019-04-25,0.0,0.755,0.245,0.4404
2019-04-18,0.0,0.85,0.15,0.3182
2019-04-26,0.0,0.741,0.259,0.1027
2019-04-29,0.495,0.505,0.0,-0.5994
2019-04-27,0.0,1.0,0.0,0.0
2019-04-28,0.106,0.894,0.0,-0.3071
2019-04-30,0.0,1.0,0.0,0.0
2019-05-01,0.0,1.0,0.0,0.0
2019-05-04,0.167,0.833,0.0,-0.296
2019-05-03,0.0,0.8,0.2,0.3612
2019-05-06,0.0,1.0,0.0,0.0
2019-05-07,0.0,0.467,0.533,0.6908
2019-05-02,0.0,1.0,0.0,0.0
2019-05-05,0.252,0.748,0.0,-0.4019
2019-05-09,0.0,1.0,0.0,0.0
2019-05-13,0.0,0.823,0.177,0.6239
2019-05-11,0.0,1.0,0.0,0.0
2019-05-12,0.0,0.574,0.426,0.886
2019-05-15,0.0,0.787,0.213,0.4019
2019-05-16,0.294,0.603,0.103,-0.5469
2019-05-14,0.182,0.818,0.0,-0.4404
2019-05-17,0.0,1.0,0.0,0.0
2019-05-18,0.0,0.735,0.265,0.2023
2019-05-21,0.0,1.0,0.0,0.0
2019-05-22,0.144,0.619,0.237,0.2263
2019-05-19,0.0,1.0,0.0,0.0
2019-05-20,0.0,0.776,0.224,0.3818
2019-05-23,0.0,1.0,0.0,0.0
2019-05-24,0.0,1.0,0.0,0.0
2019-05-26,0.0,0.476,0.524,0.765
2019-05-27,0.158,0.842,0.0,-0.128
2019-05-30,0.0,1.0,0.0,0.0
2019-05-28,0.307,0.693,0.0,-0.6492
2019-05-29,0.307,0.693,0.0,-0.6492
2019-06-01,0.0,1.0,0.0,0.0
2019-06-02,0.0,1.0,0.0,0.0
2019-06-03,0.0,1.0,0.0,0.0
2019-06-04,0.333,0.667,0.0,-0.5423
2019-06-05,0.0,0.789,0.211,0.34
2019-06-06,0.0,1.0,0.0,0.0
2019-06-07,0.0,1.0,0.0,0.0
2019-06-09,0.167,0.833,0.0,-0.4614
2019-06-10,0.0,1.0,0.0,0.0
2019-06-11,0.0,1.0,0.0,0.0
2019-06-12,0.0,1.0,0.0,0.0
2019-06-13,0.0,1.0,0.0,0.0
2019-06-14,0.0,1.0,0.0,0.0
2019-06-17,0.0,1.0,0.0,0.0
2019-06-18,0.0,1.0,0.0,0.0
2019-06-16,0.0,0.817,0.183,0.4005
2019-06-19,0.179,0.578,0.243,0.2732
2019-06-20,0.0,0.667,0.333,0.4588
2019-06-22,0.184,0.816,0.0,-0.4019
2019-06-24,0.0,1.0,0.0,0.0
2019-06-25,0.176,0.824,0.0,-0.128
2019-06-23,0.0,0.909,0.091,0.2023
2019-06-28,0.0,1.0,0.0,0.0
2019-06-27,0.074,0.926,0.0,-0.0516
2019-06-29,0.0,1.0,0.0,0.0
2019-06-30,0.255,0.745,0.0,-0.34
2019-07-01,0.0,1.0,0.0,0.0
2019-07-04,0.0,1.0,0.0,0.0
2019-07-05,0.0,1.0,0.0,0.0
2019-07-06,0.0,1.0,0.0,0.0
2019-07-07,0.0,1.0,0.0,0.0
2019-07-08,0.0,1.0,0.0,0.0
2019-07-10,0.0,1.0,0.0,0.0
2019-07-09,0.167,0.833,0.0,-0.1027
2019-07-11,0.0,1.0,0.0,0.0
2019-07-13,0.0,1.0,0.0,0.0
2019-07-14,0.0,0.815,0.185,0.3612
2019-07-15,0.0,0.504,0.496,0.7096
2019-07-16,0.0,1.0,0.0,0.0
2019-07-17,0.225,0.775,0.0,-0.4404
2019-07-19,0.0,1.0,0.0,0.0
2019-07-20,0.0,0.672,0.328,0.5267
2019-07-21,0.0,1.0,0.0,0.0
2019-07-22,0.0,1.0,0.0,0.0
2019-07-23,0.0,1.0,0.0,0.0
2019-07-25,0.0,1.0,0.0,0.0
2019-07-26,0.0,0.809,0.191,0.3818
2019-07-27,0.0,1.0,0.0,0.0
2019-07-28,0.262,0.738,0.0,-0.5994
2019-07-29,0.0,1.0,0.0,0.0
2019-07-30,0.0,1.0,0.0,0.0
2019-07-31,0.0,1.0,0.0,0.0
2019-08-01,0.0,1.0,0.0,0.0
2019-08-02,0.0,0.625,0.375,0.5859
2019-08-03,0.0,1.0,0.0,0.0
2019-08-04,0.245,0.638,0.117,-0.296
2019-08-05,0.0,1.0,0.0,0.0
2019-08-06,0.0,1.0,0.0,0.0
2019-08-07,0.0,1.0,0.0,0.0
2019-08-11,0.0,0.776,0.224,0.3818
2019-08-08,0.0,0.776,0.224,0.3818
2019-08-09,0.0,0.776,0.224,0.3818
2019-08-10,0.0,0.776,0.224,0.3818
2019-08-13,0.0,0.809,0.191,0.3818
2019-08-16,0.0,1.0,0.0,0.0
2019-08-14,0.0,0.935,0.065,0.1531
2019-08-15,0.0,0.816,0.184,0.4019
2019-08-17,0.0,1.0,0.0,0.0
2019-08-19,0.086,0.824,0.09,0.0258
2019-08-20,0.0,1.0,0.0,0.0
2019-08-21,0.0,0.776,0.224,0.3818
2019-08-22,0.145,0.855,0.0,-0.296
2019-08-23,0.0,0.85,0.15,0.3182
2019-08-25,0.14,0.467,0.393,0.5719
2019-08-24,0.0,0.779,0.221,0.5697
2019-08-27,0.0,1.0,0.0,0.0
2019-08-30,0.0,1.0,0.0,0.0
2019-08-29,0.0,0.649,0.351,0.4019
2019-09-01,0.0,0.815,0.185,0.3612
2019-09-02,0.0,0.812,0.188,0.4588
2019-09-04,0.0,1.0,0.0,0.0
2019-09-03,0.0,1.0,0.0,0.0
2019-09-06,0.0,1.0,0.0,0.0
2019-09-08,0.0,1.0,0.0,0.0
2019-09-07,0.0,1.0,0.0,0.0
2019-09-05,0.113,0.887,0.0,-0.1027
2019-09-09,0.0,0.794,0.206,0.3818
2019-09-10,0.0,1.0,0.0,0.0
2019-09-13,0.167,0.833,0.0,-0.1027
2019-09-14,0.0,1.0,0.0,0.0
2019-09-11,0.0,0.803,0.197,0.4019
2019-09-12,0.0,0.617,0.383,0.4767
2019-09-15,0.281,0.719,0.0,-0.4101
2019-09-16,0.281,0.719,0.0,-0.4101
2019-09-18,0.0,0.505,0.495,0.5994
2019-09-17,0.0,0.82,0.18,0.5106
2019-09-19,0.0,1.0,0.0,0.0
2019-09-20,0.147,0.733,0.12,-0.1027
2019-09-21,0.0,0.506,0.494,0.5994
2019-09-24,0.235,0.609,0.157,-0.2263
2019-09-23,0.0,1.0,0.0,0.0
2019-09-26,0.0,0.881,0.119,0.2235
2019-09-25,0.0,1.0,0.0,0.0
2019-09-28,0.0,0.564,0.436,0.4754
2019-09-27,0.0,1.0,0.0,0.0
2019-09-29,0.231,0.769,0.0,-0.34
2019-09-30,0.0,1.0,0.0,0.0
2019-10-01,0.0,0.856,0.144,0.4939
2019-10-02,0.18,0.82,0.0,-0.296
2019-10-03,0.0,0.794,0.206,0.5267
2019-10-04,0.191,0.69,0.119,-0.3328
2019-10-06,0.0,1.0,0.0,0.0
2019-10-05,0.387,0.613,0.0,-0.743
2019-10-08,0.0,0.756,0.244,0.6369
2019-10-07,0.0,0.755,0.245,0.5994
2019-10-09,0.254,0.746,0.0,-0.5267
2019-10-10,0.0,0.821,0.179,0.34
2019-10-12,0.0,0.667,0.333,0.5423
2019-10-13,0.0,0.735,0.265,0.5574
2019-10-11,0.0,0.667,0.333,0.5423
2019-10-14,0.0,0.769,0.231,0.5106
2019-10-15,0.0,1.0,0.0,0.0
2019-10-17,0.0,1.0,0.0,0.0
2019-10-19,0.0,1.0,0.0,0.0
2019-10-16,0.0,0.615,0.385,0.6124
2019-10-18,0.0,1.0,0.0,0.0
2019-10-20,0.0,1.0,0.0,0.0
2019-10-21,0.0,1.0,0.0,0.0
2019-10-22,0.0,1.0,0.0,0.0
2019-10-23,0.0,1.0,0.0,0.0
2019-10-24,0.121,0.783,0.096,-0.09
2019-10-25,0.19,0.612,0.197,0.0258
2019-10-26,0.0,0.649,0.351,0.4019
2019-10-27,0.0,1.0,0.0,0.0
2019-10-28,0.057,0.826,0.117,0.34
2019-10-29,0.0,1.0,0.0,0.0
2019-11-03,0.0,1.0,0.0,0.0
2019-11-05,0.0,1.0,0.0,0.0
2019-10-31,0.0,0.704,0.296,0.743
2019-10-30,0.0,0.833,0.167,0.3818
2019-11-07,0.157,0.843,0.0,-0.3818
2019-11-06,0.0,1.0,0.0,0.0
2019-11-01,0.0,0.0,0.0,0.0
2019-11-02,0.0,0.784,0.216,0.5106
2019-11-04,0.0,1.0,0.0,0.0
2019-11-09,0.0,1.0,0.0,0.0
2019-11-08,0.0,0.755,0.245,0.3818
2019-11-10,0.0,1.0,0.0,0.0
2019-11-11,0.0,1.0,0.0,0.0
2019-11-12,0.0,1.0,0.0,0.0
2019-11-13,0.178,0.678,0.144,-0.1027
2019-11-14,0.0,1.0,0.0,0.0
2019-11-15,0.107,0.893,0.0,-0.0516
2019-11-16,0.0,0.838,0.162,0.4019
2019-11-17,0.0,1.0,0.0,0.0
2019-11-19,0.244,0.756,0.0,-0.4404
2019-11-20,0.0,0.417,0.583,0.6808
2019-11-21,0.0,0.808,0.192,0.4215
2019-11-25,0.0,1.0,0.0,0.0
2019-11-23,0.0,0.792,0.208,0.6369
2019-11-22,0.0,1.0,0.0,0.0
2019-11-24,0.0,1.0,0.0,0.0
2019-11-26,0.0,1.0,0.0,0.0
2019-11-27,0.0,1.0,0.0,0.0
2019-11-28,0.0,0.873,0.127,0.6369
2019-11-29,0.0,1.0,0.0,0.0
2019-11-30,0.0,0.0,0.0,0.0
2019-12-03,0.0,0.812,0.188,0.4588
2019-12-04,0.0,1.0,0.0,0.0
2019-12-01,0.0,0.819,0.181,0.6369
2019-12-02,0.0,0.882,0.118,0.34
2019-12-05,0.0,1.0,0.0,0.0
2019-12-06,0.0,0.811,0.189,0.4215
2019-12-07,0.0,0.833,0.167,0.296
2019-12-08,0.0,0.828,0.172,0.4019
2019-12-09,0.195,0.805,0.0,-0.5267
2019-12-11,0.0,0.526,0.474,0.743
2019-12-12,0.0,0.559,0.441,0.743
2019-12-14,0.0,0.722,0.278,0.4019
2019-12-13,0.0,1.0,0.0,0.0
2019-12-16,0.208,0.792,0.0,-0.2732
2019-12-18,0.0,1.0,0.0,0.0
2019-12-17,0.08,0.92,0.0,-0.1027
2019-12-15,0.306,0.694,0.0,-0.296
2019-12-20,0.0,0.809,0.191,0.5106
2019-12-19,0.194,0.806,0.0,-0.5574
2019-12-21,0.0,0.637,0.363,0.6908
2019-12-22,0.0,0.803,0.197,0.4023
2019-12-23,0.0,1.0,0.0,0.0
2019-12-25,0.0,1.0,0.0,0.0
2019-12-24,0.0,1.0,0.0,0.0
2019-12-26,0.0,0.833,0.167,0.3818
2019-12-29,0.237,0.52,0.243,0.0258
2019-12-30,0.0,0.798,0.202,0.5106
2019-12-27,0.152,0.848,0.0,-0.6486
2019-12-28,0.0,0.802,0.198,0.6369
2019-12-31,0.0,0.805,0.195,0.4404
2020-01-01,0.0,1.0,0.0,0.0
2020-01-02,0.0,1.0,0.0,0.0
2020-01-06,0.0,0.876,0.124,0.4019
2020-01-03,0.192,0.808,0.0,-0.2263
2020-01-04,0.0,1.0,0.0,0.0
2020-01-05,0.266,0.734,0.0,-0.4404
2020-01-10,0.0,0.776,0.224,0.3818
2020-01-09,0.0,0.761,0.239,0.296
2020-01-07,0.203,0.797,0.0,-0.4215
2020-01-08,0.0,0.577,0.423,0.765
2020-01-11,0.0,1.0,0.0,0.0
2020-01-12,0.0,0.81,0.19,0.5095
2020-01-15,0.0,1.0,0.0,0.0
2020-01-14,0.0,1.0,0.0,0.0
2020-01-20,0.0,0.84,0.16,0.2263
2020-01-18,0.0,1.0,0.0,0.0
2020-01-19,0.0,0.84,0.16,0.2263
2020-01-22,0.174,0.826,0.0,-0.2732
2020-01-16,0.086,0.914,0.0,-0.128
2020-01-17,0.0,0.913,0.087,0.25
2020-01-13,0.134,0.866,0.0,-0.4767
2020-01-26,0.0,1.0,0.0,0.0
2020-01-24,0.0,1.0,0.0,0.0
2020-01-21,0.0,0.0,0.0,0.0
2020-01-28,0.0,0.613,0.387,0.69
2020-01-25,0.0,1.0,0.0,0.0
2020-01-23,0.0,0.763,0.237,0.4767
2020-01-27,0.0,1.0,0.0,0.0
2020-01-29,0.0,1.0,0.0,0.0
2020-01-30,0.0,0.829,0.171,0.5106
2020-01-31,0.0,1.0,0.0,0.0
2020-02-02,0.0,1.0,0.0,0.0
2020-02-05,0.0,1.0,0.0,0.0
2020-02-07,0.179,0.821,0.0,-0.34
2020-02-03,0.073,0.927,0.0,-0.296
2020-02-08,0.173,0.827,0.0,-0.3182
2020-02-06,0.0,1.0,0.0,0.0
2020-02-04,0.0,0.727,0.273,0.5423
2020-02-11,0.0,1.0,0.0,0.0
2020-02-01,0.32,0.68,0.0,-0.5719
2020-02-12,0.056,0.837,0.108,0.3182
2020-02-13,0.0,0.833,0.167,0.34
2020-02-10,0.0,1.0,0.0,0.0
2020-02-14,0.0,1.0,0.0,0.0
2020-02-09,0.0,0.775,0.225,0.4404
2020-02-15,0.0,1.0,0.0,0.0
2020-02-17,0.0,1.0,0.0,0.0
2020-02-19,0.196,0.804,0.0,-0.296
2020-02-16,0.0,1.0,0.0,0.0
2020-02-20,0.0,1.0,0.0,0.0
2020-02-18,0.158,0.561,0.281,0.34
2020-02-23,0.155,0.845,0.0,-0.3744
2020-02-22,0.218,0.644,0.139,-0.1531
2020-02-21,0.178,0.822,0.0,-0.3818
2020-02-24,0.0,0.718,0.282,0.7096
2020-02-26,0.25,0.75,0.0,-0.25
2020-02-25,0.0,1.0,0.0,0.0
2020-02-27,0.0,0.805,0.195,0.4404
2020-02-28,0.0,0.864,0.136,0.296
2020-02-29,0.0,1.0,0.0,0.0
2020-03-01,0.0,1.0,0.0,0.0
2020-03-03,0.0,1.0,0.0,0.0
2020-03-04,0.0,1.0,0.0,0.0
2020-03-02,0.0,1.0,0.0,0.0
2020-03-05,0.0,0.687,0.313,0.4767
2020-03-08,0.0,0.704,0.296,0.6369
2020-03-06,0.0,0.68,0.32,0.8402
2020-03-07,0.0,1.0,0.0,0.0
2020-03-09,0.0,1.0,0.0,0.0
2020-03-10,0.166,0.69,0.145,-0.0772
2020-03-11,0.0,1.0,0.0,0.0
2020-03-13,0.0,1.0,0.0,0.0
2020-03-15,0.0,1.0,0.0,0.0
2020-03-16,0.164,0.714,0.121,-0.1531
2020-03-19,0.0,0.603,0.397,0.5574
2020-03-20,0.0,0.741,0.259,0.6369
2020-03-22,0.128,0.872,0.0,-0.296
2020-03-12,0.0,1.0,0.0,0.0
2020-03-14,0.0,0.0,0.0,0.0
2020-03-23,0.0,0.75,0.25,0.25
2020-03-24,0.0,0.833,0.167,0.296
2020-03-25,0.0,1.0,0.0,0.0
2020-03-18,0.0,1.0,0.0,0.0
2020-03-17,0.0,0.879,0.121,0.4404
2020-03-21,0.0,1.0,0.0,0.0
2020-03-27,0.0,1.0,0.0,0.0
2020-03-30,0.149,0.851,0.0,-0.2732
2020-03-26,0.177,0.823,0.0,-0.2023
2020-03-28,0.0,1.0,0.0,0.0
2020-03-29,0.333,0.667,0.0,-0.4588
2020-03-31,0.0,1.0,0.0,0.0
2020-04-03,0.081,0.919,0.0,-0.128
2020-04-01,0.0,0.855,0.145,0.1779
2020-04-06,0.0,0.0,0.0,0.0
2020-04-02,0.269,0.625,0.106,-0.3818
2020-04-09,0.0,1.0,0.0,0.0
2020-04-05,0.0,1.0,0.0,0.0
2020-04-04,0.0,0.899,0.101,0.2023
2020-04-11,0.08,0.825,0.095,0.0772
2020-04-08,0.0,1.0,0.0,0.0
2020-04-07,0.0,1.0,0.0,0.0
2020-04-10,0.11,0.698,0.192,0.34
2020-04-13,0.0,0.0,0.0,0.0
2020-04-14,0.0,1.0,0.0,0.0
2020-04-12,0.0,1.0,0.0,0.0
2020-04-15,0.0,0.0,0.0,0.0
2020-04-17,0.0,1.0,0.0,0.0
2020-04-19,0.0,1.0,0.0,0.0
2020-04-20,0.0,1.0,0.0,0.0
2020-04-16,0.0,0.524,0.476,0.8442
2020-04-18,0.0,1.0,0.0,0.0
2020-04-21,0.0,1.0,0.0,0.0
2020-04-23,0.0,1.0,0.0,0.0
2020-04-22,0.259,0.741,0.0,-0.1027
2020-04-24,0.0,0.748,0.252,0.4019
2020-04-25,0.139,0.722,0.139,0.25
2020-04-26,0.0,1.0,0.0,0.0
2020-04-27,0.0,1.0,0.0,0.0
2020-04-29,0.0,1.0,0.0,0.0
2020-04-28,0.0,1.0,0.0,0.0
2020-04-30,0.0,0.0,0.0,0.0
2020-05-01,0.0,1.0,0.0,0.0
2020-05-02,0.0,1.0,0.0,0.0
2020-05-03,0.131,0.657,0.212,0.3818
2020-05-04,0.0,1.0,0.0,0.0
2020-05-05,0.096,0.904,0.0,-0.2044
2020-05-06,0.145,0.855,0.0,-0.296
2020-05-09,0.0,1.0,0.0,0.0
2020-05-07,0.0,0.643,0.357,0.6124
2020-05-12,0.0,1.0,0.0,0.0
2020-05-10,0.0,1.0,0.0,0.0
2020-05-08,0.231,0.769,0.0,-0.34
2020-05-11,0.0,1.0,0.0,0.0
2020-05-15,0.0,1.0,0.0,0.0
2020-05-16,0.0,0.784,0.216,0.296
2020-05-13,0.0,1.0,0.0,0.0
2020-05-14,0.0,0.806,0.194,0.34
2020-05-18,0.0,1.0,0.0,0.0
2020-05-20,0.0,1.0,0.0,0.0
2020-05-17,0.0,1.0,0.0,0.0
2020-05-23,0.0,1.0,0.0,0.0
2020-05-19,0.0,1.0,0.0,0.0
2020-05-24,0.0,1.0,0.0,0.0
2020-05-22,0.0,0.604,0.396,0.7096
2020-05-26,0.0,1.0,0.0,0.0
2020-05-25,0.11,0.89,0.0,-0.2732
2020-05-21,0.0,0.855,0.145,0.1779
2020-05-27,0.0,0.804,0.196,0.3976
2020-05-29,0.194,0.806,0.0,-0.34
2020-05-30,0.097,0.903,0.0,-0.1027
2020-05-28,0.0,1.0,0.0,0.0
2020-05-31,0.209,0.791,0.0,-0.4404
2020-06-05,0.0,1.0,0.0,0.0
2020-06-01,0.0,0.647,0.353,0.5994
2020-06-02,0.0,1.0,0.0,0.0
2020-06-04,0.0,1.0,0.0,0.0
2020-06-03,0.259,0.741,0.0,-0.1027
2020-06-06,0.0,0.704,0.296,0.743
2020-06-07,0.0,1.0,0.0,0.0
2020-06-09,0.097,0.903,0.0,-0.1027
2020-06-08,0.0,0.0,0.0,0.0
2020-06-10,0.0,1.0,0.0,0.0
2020-06-15,0.0,0.628,0.372,0.7717
2020-06-14,0.127,0.873,0.0,-0.1531
2020-06-11,0.0,1.0,0.0,0.0
2020-06-12,0.0,0.816,0.184,0.4019
2020-06-13,0.101,0.899,0.0,-0.2263
2020-06-16,0.113,0.887,0.0,-0.1027
2020-06-17,0.0,1.0,0.0,0.0
2020-06-18,0.0,1.0,0.0,0.0
2020-06-19,0.0,1.0,0.0,0.0
2020-06-20,0.0,0.864,0.136,0.2235
2020-07-01,0.0,1.0,0.0,0.0
2020-07-02,0.091,0.909,0.0,-0.1027
2020-07-03,0.113,0.887,0.0,-0.1027
2020-07-04,0.156,0.844,0.0,-0.4522
2020-07-05,0.0,0.833,0.167,0.3818
2020-07-06,0.0,1.0,0.0,0.0
2020-07-07,0.0,1.0,0.0,0.0
2020-07-08,0.099,0.709,0.191,0.3182
2020-07-09,0.0,0.803,0.197,0.4019
2020-07-10,0.0,1.0,0.0,0.0
2020-07-11,0.0,0.755,0.245,0.3818
2020-07-12,0.0,1.0,0.0,0.0
2020-07-13,0.126,0.719,0.156,0.128
2020-07-14,0.126,0.719,0.156,0.128
2020-07-15,0.0,1.0,0.0,0.0
2020-07-16,0.0,1.0,0.0,0.0
2020-07-17,0.0,1.0,0.0,0.0
2020-07-18,0.0,0.798,0.202,0.4201
2020-07-19,0.13,0.87,0.0,-0.2023
2020-07-20,0.0,1.0,0.0,0.0
2020-07-21,0.0,0.932,0.068,0.0258
2020-07-22,0.0,1.0,0.0,0.0
2020-07-23,0.0,1.0,0.0,0.0
2020-07-24,0.0,1.0,0.0,0.0
2020-07-25,0.0,0.662,0.338,0.5574
2020-07-26,0.0,0.769,0.231,0.2732
2020-07-27,0.0,0.776,0.224,0.3818
2020-07-28,0.0,1.0,0.0,0.0
2020-07-29,0.0,1.0,0.0,0.0
2020-07-30,0.0,1.0,0.0,0.0
2020-07-31,0.0,0.861,0.139,0.4404
2020-08-01,0.0,1.0,0.0,0.0
2020-08-02,0.125,0.774,0.101,-0.1027
2020-08-03,0.0,1.0,0.0,0.0
2020-08-04,0.0,1.0,0.0,0.0
2020-08-05,0.0,1.0,0.0,0.0
2020-08-06,0.0,0.656,0.344,0.6369
2020-08-07,0.0,0.885,0.115,0.0772
2020-08-08,0.255,0.745,0.0,-0.6249
2020-08-09,0.155,0.845,0.0,-0.296
2020-08-10,0.0,1.0,0.0,0.0
2020-08-11,0.0,1.0,0.0,0.0
2020-08-12,0.0,0.769,0.231,0.4588
2020-08-13,0.0,1.0,0.0,0.0
2020-08-14,0.0,0.0,0.0,0.0
2020-08-15,0.0,1.0,0.0,0.0
2020-08-16,0.219,0.781,0.0,-0.2023
2020-08-17,0.143,0.68,0.177,0.128
2020-08-18,0.362,0.638,0.0,-0.5267
2020-08-19,0.179,0.821,0.0,-0.34
2020-08-20,0.0,1.0,0.0,0.0
2020-08-21,0.167,0.833,0.0,-0.1027
2020-08-22,0.224,0.683,0.093,-0.4767
2020-08-23,0.0,1.0,0.0,0.0
2020-08-24,0.097,0.903,0.0,-0.1027
2020-08-25,0.0,1.0,0.0,0.0
2020-08-26,0.16,0.84,0.0,-0.2732
2020-08-27,0.0,0.915,0.085,0.0772
2020-08-28,0.0,1.0,0.0,0.0
2020-08-29,0.205,0.795,0.0,-0.4767
2020-08-30,0.095,0.697,0.209,0.5106
2020-08-31,0.0,1.0,0.0,0.0
2020-09-01,0.0,1.0,0.0,0.0
2020-09-02,0.0,1.0,0.0,0.0
2020-09-03,0.0,1.0,0.0,0.0
2020-09-04,0.0,1.0,0.0,0.0
2020-09-05,0.0,0.804,0.196,0.296
2020-09-06,0.0,0.803,0.197,0.4005
2020-09-07,0.0,1.0,0.0,0.0
2020-09-08,0.0,1.0,0.0,0.0
2020-09-09,0.0,0.926,0.074,0.25
2020-09-10,0.0,0.809,0.191,0.5106
2020-09-11,0.0,1.0,0.0,0.0
2020-09-12,0.0,1.0,0.0,0.0
2020-09-13,0.0,0.752,0.248,0.5106
2020-09-14,0.0,0.894,0.106,0.0772
2020-09-15,0.0,1.0,0.0,0.0
2020-09-16,0.0,1.0,0.0,0.0
2020-09-17,0.0,1.0,0.0,0.0
2020-09-18,0.0,1.0,0.0,0.0
2020-09-19,0.0,1.0,0.0,0.0
2020-09-20,0.0,0.759,0.241,0.5413
2020-09-21,0.0,1.0,0.0,0.0
2020-09-22,0.0,1.0,0.0,0.0
2020-09-23,0.0,1.0,0.0,0.0
2020-09-24,0.0,0.563,0.437,0.7351
2020-09-25,0.138,0.692,0.169,0.1263
2020-09-26,0.298,0.618,0.084,-0.5859
2020-09-27,0.0,1.0,0.0,0.0
2020-09-28,0.209,0.791,0.0,-0.4404
2020-09-29,0.0,1.0,0.0,0.0
2020-09-30,0.0,1.0,0.0,0.0
2020-10-01,0.0,1.0,0.0,0.0
2020-10-02,0.0,1.0,0.0,0.0
2020-10-03,0.0,1.0,0.0,0.0
2020-10-04,0.172,0.828,0.0,-0.6124
2020-10-05,0.0,0.0,0.0,0.0
2020-10-06,0.0,0.0,0.0,0.0
2020-10-07,0.139,0.662,0.199,0.2263
2020-10-08,0.0,1.0,0.0,0.0
2020-10-09,0.248,0.678,0.074,-0.5994
2020-10-10,0.203,0.629,0.168,-0.128
2020-10-11,0.0,0.865,0.135,0.6369
2020-10-12,0.113,0.887,0.0,-0.1027
2020-10-13,0.0,1.0,0.0,0.0
2020-10-14,0.08,0.92,0.0,-0.1027
2020-10-15,0.0,0.813,0.187,0.3182
2020-10-16,0.0,1.0,0.0,0.0
2020-10-17,0.187,0.736,0.077,-0.3919
2020-10-18,0.0,0.791,0.209,0.4404
2020-10-19,0.0,1.0,0.0,0.0
2020-10-21,0.0,0.575,0.425,0.8126
2020-10-22,0.0,1.0,0.0,0.0
2020-10-23,0.0,1.0,0.0,0.0
2020-10-24,0.0,1.0,0.0,0.0
2020-10-25,0.0,1.0,0.0,0.0
2020-10-26,0.0,1.0,0.0,0.0
2020-10-27,0.0,1.0,0.0,0.0
2020-10-28,0.0,1.0,0.0,0.0
2020-10-29,0.0,0.934,0.066,0.2263
2020-10-30,0.0,1.0,0.0,0.0
2020-10-31,0.0,0.899,0.101,0.2023
2020-11-01,0.0,0.0,0.0,0.0
2020-11-02,0.0,1.0,0.0,0.0
2020-11-03,0.167,0.833,0.0,-0.34
2020-11-04,0.149,0.851,0.0,-0.1027
2020-11-05,0.0,1.0,0.0,0.0
2020-11-06,0.0,0.889,0.111,0.5598
2020-11-07,0.0,1.0,0.0,0.0
2020-11-08,0.0,0.828,0.172,0.4019
2020-11-09,0.0,1.0,0.0,0.0
2020-11-10,0.0,1.0,0.0,0.0
2020-11-11,0.0,1.0,0.0,0.0
2020-11-12,0.0,1.0,0.0,0.0
2020-11-13,0.0,1.0,0.0,0.0
2020-11-14,0.0,0.885,0.115,0.3818
2020-11-15,0.0,0.8,0.2,0.3612
2020-11-16,0.0,0.0,0.0,0.0
2020-11-17,0.0,1.0,0.0,0.0
2020-11-18,0.0,1.0,0.0,0.0
2020-11-19,0.0,0.625,0.375,0.9081
2020-11-20,0.0,1.0,0.0,0.0
2020-11-21,0.0,1.0,0.0,0.0
2020-11-22,0.0,1.0,0.0,0.0
2020-11-23,0.0,0.747,0.253,0.7964
2020-11-24,0.0,0.824,0.176,0.4939
2020-11-25,0.0,0.824,0.176,0.4939
2020-11-26,0.0,1.0,0.0,0.0
2020-11-27,0.0,0.844,0.156,0.34
2020-11-28,0.0,0.756,0.244,0.6369
2020-11-29,0.202,0.614,0.184,-0.0516
2020-11-30,0.0,1.0,0.0,0.0
2020-12-01,0.0,0.842,0.158,0.4939
2020-12-02,0.0,0.656,0.344,0.6369
2020-12-03,0.0,1.0,0.0,0.0
2020-12-04,0.0,1.0,0.0,0.0
2020-12-05,0.0,0.904,0.096,0.2023
2020-12-06,0.179,0.821,0.0,-0.3384
2020-12-07,0.0,0.827,0.173,0.3182
2020-12-08,0.0,0.0,0.0,0.0
2020-12-09,0.0,0.656,0.344,0.2732
2020-12-10,0.0,1.0,0.0,0.0
2020-12-11,0.0,1.0,0.0,0.0
2020-12-12,0.0,1.0,0.0,0.0
2020-12-13,0.0,1.0,0.0,0.0
2020-12-14,0.0,0.826,0.174,0.2732
2020-12-15,0.0,0.671,0.329,0.6597
2020-12-16,0.0,0.455,0.545,0.5859
2020-12-17,0.0,1.0,0.0,0.0
2020-12-18,0.0,0.6,0.4,0.8087
2020-12-19,0.0,1.0,0.0,0.0
2020-12-20,0.137,0.863,0.0,-0.2263
2020-12-21,0.0,1.0,0.0,0.0
2020-12-22,0.0,0.604,0.396,0.7096
2020-12-23,0.0,0.829,0.171,0.5106
2020-12-24,0.0,1.0,0.0,0.0
2020-12-25,0.0,0.53,0.47,0.9231
2020-12-26,0.0,1.0,0.0,0.0
2020-12-27,0.0,1.0,0.0,0.0
2020-12-28,0.0,1.0,0.0,0.0
2020-12-29,0.0,0.86,0.14,0.0772
2020-12-30,0.0,1.0,0.0,0.0
2020-12-31,0.276,0.724,0.0,-0.4939
2021-01-01,0.0,1.0,0.0,0.0
2021-01-02,0.281,0.719,0.0,-0.5994
2021-01-03,0.0,0.89,0.11,0.2732
2021-01-04,0.0,0.808,0.192,0.4754
2021-01-05,0.0,1.0,0.0,0.0
2021-01-06,0.0,1.0,0.0,0.0
2021-01-07,0.0,0.811,0.189,0.2732
2021-01-08,0.0,1.0,0.0,0.0
2021-01-09,0.0,1.0,0.0,0.0
2021-01-10,0.0,1.0,0.0,0.0
2021-01-11,0.0,1.0,0.0,0.0
2021-01-12,0.0,1.0,0.0,0.0
2021-01-14,0.0,1.0,0.0,0.0
2021-01-15,0.0,0.881,0.119,0.2263
2021-01-16,0.0,1.0,0.0,0.0
2021-01-17,0.0,0.68,0.32,0.5106
2021-01-18,0.0,1.0,0.0,0.0
2021-01-19,0.276,0.724,0.0,-0.6369
2021-01-20,0.0,0.906,0.094,0.2415
2021-01-21,0.0,0.0,0.0,0.0
2021-01-22,0.0,0.763,0.237,0.5204
2021-01-23,0.255,0.745,0.0,-0.4767
2021-01-24,0.0,0.863,0.137,0.4019
2021-01-25,0.0,1.0,0.0,0.0
2021-01-26,0.088,0.741,0.171,0.4215
2021-01-27,0.0,1.0,0.0,0.0
2021-01-28,0.437,0.563,0.0,-0.7351
2021-01-29,0.25,0.75,0.0,-0.25
2021-01-30,0.119,0.881,0.0,-0.2263
2021-01-31,0.213,0.787,0.0,-0.2263
2021-02-01,0.0,1.0,0.0,0.0
2021-02-02,0.0,0.816,0.184,0.5574
2021-02-03,0.0,0.889,0.111,0.25
2021-02-04,0.0,1.0,0.0,0.0
2021-02-05,0.344,0.656,0.0,-0.6369
2021-02-06,0.276,0.724,0.0,-0.6369
2021-02-07,0.0,1.0,0.0,0.0
2021-02-08,0.0,1.0,0.0,0.0
2021-02-09,0.0,1.0,0.0,0.0
2021-02-10,0.079,0.727,0.194,0.4404
2021-02-11,0.0,0.708,0.292,0.5106
2021-02-12,0.0,1.0,0.0,0.0
2021-02-13,0.244,0.756,0.0,-0.4404
2021-02-14,0.0,1.0,0.0,0.0
2021-02-15,0.0,1.0,0.0,0.0
2021-02-16,0.0,0.575,0.425,0.8625
2021-02-17,0.224,0.776,0.0,-0.3818
2021-02-18,0.0,1.0,0.0,0.0
2021-02-19,0.0,1.0,0.0,0.0
2021-02-20,0.0,0.897,0.103,0.3182
2021-02-21,0.0,1.0,0.0,0.0
2021-02-22,0.055,0.625,0.32,0.7783
2021-02-23,0.0,0.839,0.161,0.3182
2021-02-24,0.26,0.52,0.22,-0.1002
2021-02-25,0.0,1.0,0.0,0.0
2021-02-26,0.0,1.0,0.0,0.0
2021-02-27,0.0,1.0,0.0,0.0
2021-02-28,0.0,1.0,0.0,0.0
2021-03-01,0.097,0.903,0.0,-0.1027
2021-03-02,0.0,1.0,0.0,0.0
2021-03-03,0.333,0.667,0.0,-0.7184
2021-03-04,0.168,0.687,0.145,-0.0772
2021-03-05,0.0,1.0,0.0,0.0
2021-03-06,0.153,0.847,0.0,-0.4019
2021-03-07,0.0,1.0,0.0,0.0
2021-03-08,0.0,1.0,0.0,0.0
2021-03-09,0.0,0.0,0.0,0.0
2021-03-10,0.0,1.0,0.0,0.0
2021-03-11,0.357,0.643,0.0,-0.7269
2021-03-12,0.125,0.875,0.0,-0.25
2021-03-13,0.125,0.875,0.0,-0.25
2021-03-14,0.0,0.872,0.128,0.296
2021-03-15,0.0,1.0,0.0,0.0
2021-03-16,0.0,0.0,0.0,0.0
2021-03-17,0.0,0.696,0.304,0.7184
2021-03-18,0.0,1.0,0.0,0.0
2021-03-19,0.0,1.0,0.0,0.0
2021-03-20,0.0,1.0,0.0,0.0
2021-03-21,0.0,1.0,0.0,0.0
2021-03-22,0.0,1.0,0.0,0.0
2021-03-23,0.125,0.68,0.195,0.3054
2021-03-24,0.0,1.0,0.0,0.0
2021-03-25,0.0,1.0,0.0,0.0
2021-03-26,0.0,1.0,0.0,0.0
2021-03-27,0.0,1.0,0.0,0.0
2021-03-28,0.0,1.0,0.0,0.0
2021-03-29,0.0,1.0,0.0,0.0
2021-03-30,0.0,1.0,0.0,0.0
2021-03-31,0.0,0.0,0.0,0.0
2021-04-01,0.0,1.0,0.0,0.0
2021-04-02,0.0,0.877,0.123,0.1027
2021-04-03,0.0,1.0,0.0,0.0
2021-04-04,0.244,0.756,0.0,-0.4404
2021-04-05,0.0,0.0,0.0,0.0
2021-04-06,0.0,0.722,0.278,0.4019
2021-04-07,0.0,1.0,0.0,0.0
2021-04-08,0.192,0.583,0.225,0.2023
2021-04-09,0.0,0.865,0.135,0.4215
2021-04-10,0.114,0.886,0.0,-0.4019
2021-04-11,0.0,1.0,0.0,0.0
2021-04-12,0.0,0.816,0.184,0.4019
2021-04-13,0.0,1.0,0.0,0.0
2021-04-14,0.0,1.0,0.0,0.0
2021-04-15,0.0,1.0,0.0,0.0
2021-04-16,0.073,0.733,0.194,0.5106
2021-04-17,0.0,1.0,0.0,0.0
2021-04-18,0.0,0.783,0.217,0.3612
2021-04-19,0.0,1.0,0.0,0.0
2021-04-20,0.157,0.843,0.0,-0.4215
2021-04-21,0.0,1.0,0.0,0.0
2021-04-22,0.0,0.821,0.179,0.5719
2021-04-23,0.0,0.714,0.286,0.4215
2021-04-24,0.0,0.789,0.211,0.34
2021-04-25,0.0,0.748,0.252,0.4019
2021-04-26,0.0,1.0,0.0,0.0
2021-04-27,0.0,1.0,0.0,0.0
2021-04-28,0.0,1.0,0.0,0.0
2021-04-29,0.0,1.0,0.0,0.0
2021-04-30,0.0,0.769,0.231,0.6369
2021-05-01,0.145,0.855,0.0,-0.296
2021-05-02,0.0,0.828,0.172,0.4019
2021-05-03,0.0,1.0,0.0,0.0
2021-05-04,0.0,1.0,0.0,0.0
2021-05-05,0.0,0.857,0.143,0.128
2021-05-06,0.0,1.0,0.0,0.0
2021-05-07,0.0,1.0,0.0,0.0
2021-05-08,0.0,0.625,0.375,0.6369
2021-05-09,0.0,1.0,0.0,0.0
2021-05-10,0.0,1.0,0.0,0.0
2021-05-11,0.0,0.899,0.101,0.2263
2021-05-12,0.0,0.704,0.296,0.6369
2021-05-13,0.0,1.0,0.0,0.0
2021-05-14,0.0,1.0,0.0,0.0
2021-05-15,0.206,0.794,0.0,-0.6369
2021-05-16,0.245,0.755,0.0,-0.6739
2021-05-17,0.0,1.0,0.0,0.0
2021-05-18,0.0,0.816,0.184,0.2023
2021-05-19,0.0,1.0,0.0,0.0
2021-05-20,0.147,0.784,0.069,-0.3818
2021-05-21,0.0,1.0,0.0,0.0
2021-05-22,0.231,0.769,0.0,-0.7014
2021-05-23,0.0,0.769,0.231,0.4019
2021-05-24,0.0,1.0,0.0,0.0
2021-05-25,0.0,1.0,0.0,0.0
2021-05-26,0.0,1.0,0.0,0.0
2021-05-27,0.0,1.0,0.0,0.0
2021-05-28,0.0,0.872,0.128,0.296
2021-05-29,0.127,0.873,0.0,-0.2584
2021-05-30,0.0,1.0,0.0,0.0
2021-05-31,0.0,0.588,0.412,0.6369
2021-06-01,0.0,1.0,0.0,0.0
2021-06-02,0.177,0.823,0.0,-0.4215
2021-06-03,0.104,0.896,0.0,-0.1027
2021-06-04,0.0,1.0,0.0,0.0
2021-06-05,0.0,1.0,0.0,0.0
2021-06-06,0.0,0.787,0.213,0.4019
2021-06-07,0.0,1.0,0.0,0.0
2021-06-08,0.0,1.0,0.0,0.0
2021-06-09,0.0,1.0,0.0,0.0
2021-06-10,0.0,1.0,0.0,0.0
2021-06-11,0.0,0.928,0.072,0.1027
2021-06-12,0.0,1.0,0.0,0.0
2021-06-13,0.097,0.903,0.0,-0.128
2021-06-14,0.076,0.924,0.0,-0.1027
2021-06-15,0.0,1.0,0.0,0.0
2021-06-16,0.0,1.0,0.0,0.0
2021-06-17,0.0,1.0,0.0,0.0
2021-06-18,0.0,0.556,0.444,0.6808
2021-06-19,0.075,0.755,0.17,0.3612
2021-06-20,0.144,0.769,0.087,-0.2732
2021-06-21,0.0,0.73,0.27,0.8126
2021-06-22,0.0,1.0,0.0,0.0
2021-06-23,0.098,0.902,0.0,-0.34
2021-06-24,0.0,0.828,0.172,0.3612
2021-06-25,0.0,1.0,0.0,0.0
2021-06-26,0.0,0.784,0.216,0.5106
2021-06-27,0.557,0.443,0.0,-0.8316
2021-06-28,0.0,1.0,0.0,0.0
2021-06-29,0.0,1.0,0.0,0.0
2021-06-30,0.125,0.62,0.255,0.5226
2021-07-01,0.0,1.0,0.0,0.0
2021-07-02,0.0,0.606,0.394,0.6369
2021-07-03,0.0,0.748,0.252,0.4019
2021-07-04,0.0,0.867,0.133,0.3182
2021-07-05,0.0,0.796,0.204,0.3182
2021-07-06,0.0,1.0,0.0,0.0
2021-07-07,0.0,0.805,0.195,0.1779
2021-07-08,0.0,1.0,0.0,0.0
2021-07-09,0.0,0.818,0.182,0.4404
2021-07-10,0.0,1.0,0.0,0.0
2021-07-11,0.0,1.0,0.0,0.0
2021-07-12,0.106,0.894,0.0,-0.2263
2021-07-13,0.0,0.797,0.203,0.4215
2021-07-14,0.0,1.0,0.0,0.0
2021-07-15,0.0,0.0,0.0,0.0
2021-07-16,0.256,0.744,0.0,-0.7014
2021-07-17,0.0,1.0,0.0,0.0
2021-07-18,0.0,1.0,0.0,0.0
2021-07-19,0.175,0.825,0.0,-0.5267
2021-07-20,0.0,0.621,0.379,0.6705
2021-07-21,0.0,1.0,0.0,0.0
2021-07-22,0.0,1.0,0.0,0.0
2021-07-23,0.0,0.826,0.174,0.2732
2021-07-24,0.0,1.0,0.0,0.0
2021-07-25,0.0,1.0,0.0,0.0
2021-07-26,0.082,0.76,0.158,0.3182
2021-07-27,0.0,0.776,0.224,0.3818
2021-07-28,0.0,0.884,0.116,0.1779
2021-07-29,0.08,0.92,0.0,-0.1027
2021-07-30,0.157,0.843,0.0,-0.4215
2021-07-31,0.0,1.0,0.0,0.0
2021-08-01,0.0,1.0,0.0,0.0
2021-08-02,0.265,0.735,0.0,-0.3818
2021-08-03,0.226,0.774,0.0,-0.5423
2021-08-04,0.459,0.541,0.0,-0.5267
2021-08-05,0.0,1.0,0.0,0.0
2021-08-06,0.0,0.876,0.124,0.34
2021-08-07,0.2,0.583,0.217,0.0516
2021-08-08,0.217,0.783,0.0,-0.3612
2021-08-09,0.0,1.0,0.0,0.0
2021-08-10,0.0,0.851,0.149,0.4215
2021-08-11,0.247,0.659,0.093,-0.4215
2021-08-12,0.0,1.0,0.0,0.0
2021-08-13,0.0,1.0,0.0,0.0
2021-08-14,0.146,0.662,0.192,0.1779
2021-08-15,0.0,1.0,0.0,0.0
2021-08-16,0.0,1.0,0.0,0.0
2021-08-17,0.0,1.0,0.0,0.0
2021-08-18,0.0,1.0,0.0,0.0
2021-08-19,0.0,0.87,0.13,0.2732
2021-08-20,0.0,0.781,0.219,0.6369
2021-08-21,0.0,1.0,0.0,0.0
2021-08-22,0.0,1.0,0.0,0.0
2021-08-23,0.062,0.938,0.0,-0.1027
2021-08-24,0.0,1.0,0.0,0.0
2021-08-25,0.0,1.0,0.0,0.0
2021-08-26,0.0,1.0,0.0,0.0
2021-08-27,0.0,0.876,0.124,0.1779
2021-08-28,0.0,1.0,0.0,0.0
2021-08-29,0.0,0.882,0.118,0.25
2021-08-30,0.0,0.816,0.184,0.4019
2021-08-31,0.107,0.687,0.206,0.3182
2021-09-01,0.121,0.879,0.0,-0.296
2021-09-02,0.0,0.776,0.224,0.3818
2021-09-03,0.0,0.776,0.224,0.3818
2021-09-04,0.0,1.0,0.0,0.0
2021-09-05,0.14,0.86,0.0,-0.3818
2021-09-06,0.128,0.872,0.0,-0.2263
2021-09-07,0.0,1.0,0.0,0.0
2021-09-08,0.0,1.0,0.0,0.0
2021-09-09,0.0,1.0,0.0,0.0
2021-09-10,0.0,1.0,0.0,0.0
2021-09-11,0.0,1.0,0.0,0.0
2021-09-12,0.0,1.0,0.0,0.0
2021-09-13,0.0,1.0,0.0,0.0
2021-09-14,0.0,1.0,0.0,0.0
2021-09-15,0.0,1.0,0.0,0.0
2021-09-16,0.0,1.0,0.0,0.0
2021-09-17,0.0,0.901,0.099,0.2714
2021-09-18,0.0,0.811,0.189,0.6369
2021-09-19,0.298,0.702,0.0,-0.1779
2021-09-20,0.0,1.0,0.0,0.0
2021-09-21,0.0,1.0,0.0,0.0
2021-09-22,0.0,0.656,0.344,0.6369
2021-09-23,0.0,1.0,0.0,0.0
2021-09-24,0.0,1.0,0.0,0.0
2021-09-25,0.125,0.875,0.0,-0.25
2021-09-26,0.0,1.0,0.0,0.0
2021-09-27,0.0,0.781,0.219,0.6369
2021-09-28,0.0,1.0,0.0,0.0
2021-09-29,0.0,1.0,0.0,0.0
2021-09-30,0.0,0.777,0.223,0.3182
2021-10-01,0.0,1.0,0.0,0.0
2021-10-02,0.0,1.0,0.0,0.0
2021-10-03,0.0,1.0,0.0,0.0
2021-10-04,0.0,1.0,0.0,0.0
2021-10-05,0.322,0.678,0.0,-0.6808
2021-10-06,0.24,0.649,0.11,-0.25
2021-10-07,0.0,1.0,0.0,0.0
2021-10-08,0.0,1.0,0.0,0.0
2021-10-09,0.0,0.698,0.302,0.5994
2021-10-10,0.0,1.0,0.0,0.0
2021-10-11,0.0,1.0,0.0,0.0
2021-10-12,0.0,0.886,0.114,0.2023
2021-10-13,0.0,1.0,0.0,0.0
2021-10-14,0.0,1.0,0.0,0.0
2021-10-15,0.0,0.886,0.114,0.2023
2021-10-16,0.0,1.0,0.0,0.0
2021-10-17,0.0,1.0,0.0,0.0
2021-10-18,0.0,1.0,0.0,0.0
2021-10-19,0.0,1.0,0.0,0.0
2021-10-20,0.0,1.0,0.0,0.0
2021-10-21,0.0,1.0,0.0,0.0
2021-10-22,0.0,1.0,0.0,0.0
2021-10-23,0.0,1.0,0.0,0.0
2021-10-24,0.16,0.84,0.0,-0.2263
2021-10-25,0.0,1.0,0.0,0.0
2021-10-26,0.0,1.0,0.0,0.0
2021-10-27,0.0,1.0,0.0,0.0
2021-10-28,0.0,0.775,0.225,0.4939
2021-10-29,0.0,1.0,0.0,0.0
2021-10-30,0.0,0.0,0.0,0.0
2021-10-31,0.0,1.0,0.0,0.0
2021-11-01,0.0,1.0,0.0,0.0
2021-11-02,0.0,1.0,0.0,0.0
2021-11-03,0.136,0.864,0.0,-0.296
2021-11-04,0.0,1.0,0.0,0.0
2021-11-05,0.0,1.0,0.0,0.0
2021-11-06,0.113,0.887,0.0,-0.4215
2021-11-07,0.0,1.0,0.0,0.0
2021-11-08,0.0,0.543,0.457,0.6369
2021-11-09,0.099,0.901,0.0,-0.3182
2021-11-10,0.0,0.748,0.252,0.5719
2021-11-11,0.0,1.0,0.0,0.0
2021-11-12,0.0,0.704,0.296,0.7096
2021-11-13,0.119,0.678,0.203,0.25
2021-11-14,0.0,1.0,0.0,0.0
2021-11-15,0.173,0.827,0.0,-0.3182
2021-11-16,0.173,0.827,0.0,-0.3182
2021-11-17,0.0,1.0,0.0,0.0
2021-11-18,0.0,0.729,0.271,0.3818
2021-11-19,0.14,0.701,0.159,0.0772
2021-11-20,0.0,0.569,0.431,0.8442
2021-11-21,0.136,0.625,0.239,0.2023
2021-11-22,0.0,1.0,0.0,0.0
2021-11-23,0.0,1.0,0.0,0.0
2021-11-24,0.0,1.0,0.0,0.0
2021-11-25,0.0,1.0,0.0,0.0
2021-11-26,0.0,1.0,0.0,0.0
2021-11-27,0.0,0.657,0.343,0.694
2021-11-28,0.0,1.0,0.0,0.0
2021-11-29,0.0,0.811,0.189,0.6369
2021-11-30,0.0,0.705,0.295,0.5574
2021-12-01,0.0,0.417,0.583,0.6369
2021-12-02,0.0,1.0,0.0,0.0
2021-12-03,0.0,1.0,0.0,0.0
2021-12-04,0.0,0.842,0.158,0.128
2021-12-05,0.0,1.0,0.0,0.0
2021-12-06,0.0,1.0,0.0,0.0
2021-12-07,0.0,1.0,0.0,0.0
2021-12-08,0.0,1.0,0.0,0.0
2021-12-09,0.337,0.663,0.0,-0.765
2021-12-10,0.219,0.781,0.0,-0.5994
2021-12-11,0.192,0.808,0.0,-0.2263
2021-12-12,0.294,0.706,0.0,-0.6124
2021-12-13,0.182,0.699,0.119,-0.2263
2021-12-14,0.0,1.0,0.0,0.0
2021-12-15,0.0,0.902,0.098,0.0772
2021-12-16,0.107,0.893,0.0,-0.34
2021-12-17,0.15,0.636,0.214,0.2732
2021-12-18,0.0,1.0,0.0,0.0
2021-12-19,0.0,0.855,0.145,0.296
2021-12-20,0.0,1.0,0.0,0.0
2021-12-21,0.0,0.734,0.266,0.4404
2021-12-22,0.0,1.0,0.0,0.0
2021-12-23,0.188,0.671,0.141,-0.1779
2021-12-24,0.133,0.867,0.0,-0.3182
2021-12-25,0.0,1.0,0.0,0.0
2021-12-26,0.102,0.898,0.0,-0.3818
2021-12-27,0.14,0.551,0.309,0.6124
2021-12-28,0.0,0.769,0.231,0.6369
2021-12-29,0.0,1.0,0.0,0.0
2021-12-30,0.0,1.0,0.0,0.0
2021-12-31,0.0,0.875,0.125,0.4588
2022-01-01,0.266,0.734,0.0,-0.4404
2022-01-02,0.0,1.0,0.0,0.0
2022-01-03,0.0,0.769,0.231,0.5423
2022-01-04,0.0,1.0,0.0,0.0
2022-01-05,0.0,1.0,0.0,0.0
2022-01-06,0.167,0.833,0.0,-0.1027
2022-01-07,0.0,1.0,0.0,0.0
2022-01-08,0.0,0.654,0.346,0.6486
2022-01-09,0.494,0.506,0.0,-0.5994
2022-01-10,0.049,0.903,0.049,0.0
2022-01-11,0.124,0.759,0.117,-0.0258
2022-01-12,0.18,0.82,0.0,-0.296
2022-01-13,0.0,1.0,0.0,0.0
2022-01-14,0.282,0.718,0.0,-0.6249
2022-01-15,0.0,0.825,0.175,0.5267
2022-01-16,0.0,1.0,0.0,0.0
2022-01-17,0.097,0.903,0.0,-0.1027
2022-01-18,0.0,0.73,0.27,0.5719
2022-01-19,0.0,1.0,0.0,0.0
2022-01-20,0.0,0.84,0.16,0.2732
2022-01-21,0.098,0.902,0.0,-0.3612
2022-01-22,0.0,1.0,0.0,0.0
2022-01-23,0.0,0.849,0.151,0.5766
2022-01-24,0.0,0.709,0.291,0.8126
2022-01-25,0.0,0.792,0.208,0.2732
2022-01-26,0.0,1.0,0.0,0.0
2022-01-27,0.177,0.823,0.0,-0.4215
2022-01-28,0.0,0.724,0.276,0.6369
2022-01-29,0.0,1.0,0.0,0.0
2022-01-30,0.0,1.0,0.0,0.0
2022-01-31,0.0,0.56,0.44,0.6705
2022-02-01,0.0,0.673,0.327,0.7783
2022-02-02,0.0,1.0,0.0,0.0
2022-02-03,0.0,1.0,0.0,0.0
2022-02-04,0.0,1.0,0.0,0.0
2022-02-05,0.0,0.724,0.276,0.6369
2022-02-06,0.0,0.769,0.231,0.4019
2022-02-07,0.0,1.0,0.0,0.0
2022-02-08,0.0,1.0,0.0,0.0
2022-02-09,0.0,1.0,0.0,0.0
2022-02-10,0.0,0.0,0.0,0.0
2022-02-11,0.0,1.0,0.0,0.0
2022-02-12,0.0,1.0,0.0,0.0
2022-02-13,0.333,0.667,0.0,-0.25
2022-02-14,0.152,0.618,0.23,0.1027
2022-02-15,0.474,0.526,0.0,-0.743
2022-02-16,0.0,1.0,0.0,0.0
2022-02-17,0.0,0.819,0.181,0.6369
2022-02-18,0.0,1.0,0.0,0.0
2022-02-19,0.0,0.794,0.206,0.3818
2022-02-20,0.328,0.672,0.0,-0.5994
2022-02-21,0.0,1.0,0.0,0.0
2022-02-22,0.0,0.802,0.198,0.6369
2022-02-23,0.0,1.0,0.0,0.0
2022-02-24,0.293,0.707,0.0,-0.4404
2022-02-25,0.167,0.833,0.0,-0.1027
2022-02-26,0.0,0.811,0.189,0.6369
2022-02-27,0.0,1.0,0.0,0.0
2022-02-28,0.0,1.0,0.0,0.0
2022-03-01,0.0,1.0,0.0,0.0
2022-03-02,0.0,1.0,0.0,0.0
2022-03-03,0.101,0.736,0.163,0.3818
2022-03-04,0.0,1.0,0.0,0.0
2022-03-05,0.0,0.783,0.217,0.3612
2022-03-06,0.0,1.0,0.0,0.0
2022-03-07,0.0,0.819,0.181,0.6369
2022-03-08,0.123,0.877,0.0,-0.2732
2022-03-09,0.0,0.682,0.318,0.6369
2022-03-10,0.0,0.488,0.512,0.6369
2022-03-11,0.0,0.784,0.216,0.5106
2022-03-12,0.0,0.84,0.16,0.6369
2022-03-13,0.18,0.82,0.0,-0.296
2022-03-14,0.0,0.806,0.194,0.4767
2022-03-15,0.0,1.0,0.0,0.0
2022-03-16,0.0,1.0,0.0,0.0
2022-03-17,0.191,0.809,0.0,-0.3818
2022-03-18,0.195,0.805,0.0,-0.4404
2022-03-19,0.105,0.726,0.169,0.3818
2022-03-20,0.0,0.826,0.174,0.2263
2022-03-21,0.105,0.726,0.169,0.3818
2022-03-22,0.0,0.724,0.276,0.6369
2022-03-23,0.0,1.0,0.0,0.0
2022-03-24,0.0,1.0,0.0,0.0
2022-03-25,0.0,0.822,0.178,0.3818
2022-03-26,0.162,0.838,0.0,-0.2263
2022-03-27,0.0,1.0,0.0,0.0
2022-03-28,0.111,0.733,0.156,0.2449
2022-03-29,0.0,0.802,0.198,0.6369
2022-03-30,0.0,1.0,0.0,0.0
2022-03-31,0.113,0.887,0.0,-0.1027
2022-04-01,0.0,0.724,0.276,0.6369
2022-04-02,0.0,1.0,0.0,0.0
2022-04-03,0.0,0.722,0.278,0.4019
2022-04-04,0.0,0.742,0.258,0.7096
2022-04-05,0.0,0.704,0.296,0.7096
2022-04-06,0.182,0.699,0.119,-0.2263
2022-04-07,0.0,1.0,0.0,0.0
2022-04-08,0.0,0.62,0.38,0.5994
2022-04-09,0.0,1.0,0.0,0.0
2022-04-10,0.229,0.606,0.165,-0.128
2022-04-11,0.182,0.699,0.119,-0.2263
2022-04-12,0.0,0.756,0.244,0.4404
2022-04-13,0.0,1.0,0.0,0.0
2022-04-14,0.0,1.0,0.0,0.0
2022-04-15,0.256,0.744,0.0,-0.631
2022-04-16,0.0,0.535,0.465,0.8271
2022-04-17,0.166,0.834,0.0,-0.3382
2022-04-18,0.165,0.57,0.266,0.3818
2022-04-19,0.0,0.637,0.363,0.8442
2022-04-20,0.0,1.0,0.0,0.0
2022-04-21,0.0,0.726,0.274,0.34
2022-04-22,0.0,1.0,0.0,0.0
2022-04-23,0.0,1.0,0.0,0.0
2022-04-24,0.0,1.0,0.0,0.0
2022-04-25,0.0,0.877,0.123,0.1027
2022-04-26,0.0,0.784,0.216,0.5106
2022-04-27,0.0,1.0,0.0,0.0
2022-04-28,0.0,0.676,0.324,0.8442
2022-04-29,0.0,0.874,0.126,0.0772
2022-04-30,0.0,0.686,0.314,0.7506
2022-05-01,0.141,0.859,0.0,-0.3506
2022-05-02,0.0,1.0,0.0,0.0
2022-05-03,0.098,0.902,0.0,-0.0772
2022-05-04,0.0,0.798,0.202,0.5106
2022-05-05,0.0,0.791,0.209,0.4404
2022-05-06,0.0,0.542,0.458,0.765
2022-05-07,0.0,0.899,0.101,0.2023
2022-05-08,0.0,0.672,0.328,0.5267
2022-05-09,0.0,0.724,0.276,0.6369
2022-05-10,0.158,0.842,0.0,-0.128
2022-05-11,0.0,0.707,0.293,0.8442
2022-05-12,0.0,1.0,0.0,0.0
2022-05-13,0.0,1.0,0.0,0.0
2022-05-14,0.0,1.0,0.0,0.0
2022-05-15,0.0,1.0,0.0,0.0
2022-05-16,0.0,0.404,0.596,0.7096
2022-05-17,0.0,1.0,0.0,0.0
2022-05-18,0.0,0.698,0.302,0.8442
2022-05-19,0.0,0.724,0.276,0.6369
2022-05-20,0.0,1.0,0.0,0.0
2022-05-21,0.0,1.0,0.0,0.0
2022-05-22,0.0,1.0,0.0,0.0
2022-05-23,0.0,1.0,0.0,0.0
2022-05-24,0.0,0.833,0.167,0.34
2022-05-25,0.0,0.664,0.336,0.8442
2022-05-26,0.0,0.726,0.274,0.34
2022-05-27,0.0,1.0,0.0,0.0
2022-05-28,0.179,0.821,0.0,-0.34
2022-05-29,0.0,1.0,0.0,0.0
2022-05-30,0.0,0.698,0.302,0.8442
2022-05-31,0.107,0.78,0.112,0.0258
2022-06-01,0.0,0.726,0.274,0.34
2022-06-02,0.0,1.0,0.0,0.0
2022-06-03,0.0,0.698,0.302,0.8442
2022-06-04,0.102,0.898,0.0,-0.1779
2022-06-05,0.0,1.0,0.0,0.0
2022-06-06,0.0,0.813,0.187,0.3182
2022-06-07,0.0,0.749,0.251,0.7717
2022-06-08,0.0,0.877,0.123,0.1027
2022-06-09,0.087,0.75,0.163,0.296
2022-06-10,0.123,0.877,0.0,-0.1027
2022-06-11,0.0,1.0,0.0,0.0
2022-06-12,0.0,1.0,0.0,0.0
2022-06-13,0.149,0.851,0.0,-0.1027
2022-06-14,0.0,0.568,0.432,0.765
2022-06-15,0.0,1.0,0.0,0.0
2022-06-16,0.0,1.0,0.0,0.0
2022-06-17,0.0,0.69,0.31,0.6597
2022-06-18,0.192,0.64,0.168,-0.0772
2022-06-19,0.0,1.0,0.0,0.0
2022-06-20,0.0,0.876,0.124,0.1779
2022-06-21,0.0,1.0,0.0,0.0
2022-06-22,0.0,1.0,0.0,0.0
2022-06-23,0.0,0.604,0.396,0.7096
2022-06-24,0.0,0.663,0.337,0.7269
2022-06-25,0.0,1.0,0.0,0.0
2022-06-26,0.0,1.0,0.0,0.0
2022-06-27,0.0,1.0,0.0,0.0
2022-06-28,0.0,0.763,0.237,0.7096
2022-06-29,0.0,0.714,0.286,0.5859
2022-06-30,0.0,0.803,0.197,0.4019
2022-07-01,0.0,0.805,0.195,0.4404
2022-07-02,0.0,1.0,0.0,0.0
2022-07-03,0.0,1.0,0.0,0.0
2022-07-04,0.0,1.0,0.0,0.0
2022-07-05,0.0,1.0,0.0,0.0
2022-07-06,0.0,0.741,0.259,0.6369
2022-07-07,0.0,0.741,0.259,0.6369
2022-07-08,0.0,0.682,0.318,0.6369
2022-07-09,0.0,0.682,0.318,0.6369
2022-07-10,0.127,0.749,0.124,-0.0129
2022-07-11,0.0,0.543,0.457,0.7096
2022-07-12,0.0,0.543,0.457,0.7096
2022-07-13,0.0,0.753,0.247,0.7096
2022-07-14,0.0,0.922,0.078,0.1779
2022-07-15,0.0,0.789,0.211,0.7096
2022-07-16,0.0,1.0,0.0,0.0
2022-07-17,0.0,0.796,0.204,0.3182
2022-07-18,0.286,0.714,0.0,-0.4588
2022-07-19,0.0,0.909,0.091,0.128
2022-07-20,0.0,1.0,0.0,0.0
2022-07-22,0.0,0.575,0.425,0.8625
2022-07-24,0.135,0.773,0.092,-0.2263
2022-07-25,0.0,1.0,0.0,0.0
2022-07-26,0.0,1.0,0.0,0.0
2022-07-27,0.0,0.625,0.375,0.8625
2022-07-28,0.0,0.812,0.188,0.5719
2022-07-29,0.0,1.0,0.0,0.0
2022-07-30,0.091,0.909,0.0,-0.1027
2022-07-31,0.0,1.0,0.0,0.0
2022-08-01,0.0,0.801,0.199,0.6666
2022-08-02,0.0,0.824,0.176,0.4939
2022-08-03,0.0,0.593,0.407,0.8625
2022-08-04,0.0,0.856,0.144,0.4939
2022-08-05,0.0,0.819,0.181,0.6369
2022-08-06,0.0,0.732,0.268,0.296
2022-08-07,0.0,1.0,0.0,0.0
2022-08-08,0.0,0.746,0.254,0.34
2022-08-09,0.0,0.741,0.259,0.6369
2022-08-10,0.0,0.694,0.306,0.6486
2022-08-11,0.0,0.811,0.189,0.4215
2022-08-12,0.0,0.84,0.16,0.6369
2022-08-13,0.0,1.0,0.0,0.0
2022-08-14,0.0,1.0,0.0,0.0
2022-08-15,0.0,1.0,0.0,0.0
2022-08-16,0.397,0.603,0.0,-0.5574
2022-08-17,0.0,1.0,0.0,0.0
2022-08-18,0.0,0.654,0.346,0.8126
2022-08-19,0.0,1.0,0.0,0.0
2022-08-20,0.0,1.0,0.0,0.0
2022-08-21,0.0,1.0,0.0,0.0
2022-08-22,0.077,0.718,0.204,0.5106
2022-08-23,0.0,1.0,0.0,0.0
2022-08-24,0.0,1.0,0.0,0.0
2022-08-25,0.0,1.0,0.0,0.0
2022-08-26,0.0,0.756,0.244,0.2263
2022-08-27,0.0,0.818,0.182,0.4404
2022-08-28,0.0,0.85,0.15,0.3182
2022-08-29,0.0,1.0,0.0,0.0
2022-08-30,0.0,1.0,0.0,0.0
2022-08-31,0.0,1.0,0.0,0.0
2022-09-01,0.0,0.802,0.198,0.6369
2022-09-02,0.0,1.0,0.0,0.0
2022-09-03,0.0,1.0,0.0,0.0
2022-09-04,0.0,1.0,0.0,0.0
2022-09-05,0.0,0.756,0.244,0.6369
2022-09-06,0.0,1.0,0.0,0.0
2022-09-07,0.0,1.0,0.0,0.0
2022-09-08,0.0,1.0,0.0,0.0
2022-09-09,0.0,1.0,0.0,0.0
2022-09-10,0.137,0.863,0.0,-0.2263
2022-09-11,0.137,0.863,0.0,-0.2263
2022-09-12,0.091,0.909,0.0,-0.2263
2022-09-13,0.0,0.914,0.086,0.1779
2022-09-14,0.0,1.0,0.0,0.0
2022-09-15,0.0,1.0,0.0,0.0
2022-09-16,0.0,0.866,0.134,0.1779
2022-09-17,0.0,1.0,0.0,0.0
2022-09-18,0.0,0.563,0.437,0.7351
2022-09-19,0.0,0.833,0.167,0.4939
2022-09-20,0.0,0.61,0.39,0.8625
2022-09-21,0.0,0.86,0.14,0.3818
2022-09-22,0.0,1.0,0.0,0.0
2022-09-23,0.157,0.843,0.0,-0.3818
2022-09-24,0.0,1.0,0.0,0.0
2022-09-25,0.0,1.0,0.0,0.0
2022-09-26,0.0,0.597,0.403,0.4019
2022-09-27,0.0,0.892,0.108,0.2617
2022-09-28,0.0,1.0,0.0,0.0
2022-09-29,0.0,1.0,0.0,0.0
2022-09-30,0.0,0.488,0.512,0.6369
2022-10-01,0.0,0.656,0.344,0.6369
2022-10-02,0.0,1.0,0.0,0.0
2022-10-03,0.0,1.0,0.0,0.0
2022-10-04,0.0,1.0,0.0,0.0
2022-10-05,0.0,1.0,0.0,0.0
2022-10-06,0.0,0.8,0.2,0.4588
2022-10-07,0.0,0.69,0.31,0.8008
2022-10-08,0.0,1.0,0.0,0.0
2022-10-09,0.0,0.702,0.298,0.5267
2022-10-10,0.0,0.769,0.231,0.6369
2022-10-11,0.0,1.0,0.0,0.0
2022-10-12,0.0,0.82,0.18,0.3818
2022-10-13,0.0,0.348,0.652,0.8176
2022-10-14,0.0,1.0,0.0,0.0
2022-10-15,0.0,1.0,0.0,0.0
2022-10-16,0.0,0.8,0.2,0.3612
2022-10-17,0.0,1.0,0.0,0.0
2022-10-18,0.0,1.0,0.0,0.0
2022-10-19,0.099,0.901,0.0,-0.296
2022-10-20,0.174,0.581,0.245,0.2732
2022-10-21,0.0,0.741,0.259,0.4939
2022-10-23,0.13,0.87,0.0,-0.2732
2022-10-24,0.0,1.0,0.0,0.0
2022-10-25,0.0,0.775,0.225,0.4939
2022-10-26,0.0,0.881,0.119,0.3182
2022-10-27,0.0,0.676,0.324,0.34
2022-10-28,0.127,0.656,0.216,0.3182
2022-10-29,0.0,0.897,0.103,0.128
2022-10-30,0.0,0.65,0.35,0.5106
2022-10-31,0.0,1.0,0.0,0.0
2022-11-01,0.0,1.0,0.0,0.0
2022-11-02,0.0,1.0,0.0,0.0
2022-11-03,0.0,1.0,0.0,0.0
2022-11-04,0.0,1.0,0.0,0.0
2022-11-05,0.204,0.796,0.0,-0.4767
2022-11-06,0.0,0.658,0.342,0.3818
2022-11-07,0.119,0.881,0.0,-0.2263
2022-11-08,0.0,1.0,0.0,0.0
2022-11-09,0.0,0.887,0.113,0.1027
2022-11-10,0.0,0.764,0.236,0.7964
2022-11-11,0.0,0.734,0.266,0.7783
2022-11-12,0.116,0.884,0.0,-0.2732
2022-11-13,0.0,0.854,0.146,0.4404
2022-11-14,0.082,0.693,0.225,0.5106
2022-11-15,0.0,1.0,0.0,0.0
2022-11-16,0.0,1.0,0.0,0.0
2022-11-17,0.0,1.0,0.0,0.0
2022-11-18,0.0,1.0,0.0,0.0
2022-11-19,0.0,1.0,0.0,0.0
2022-11-20,0.0,1.0,0.0,0.0
2022-11-21,0.0,1.0,0.0,0.0
2022-11-22,0.0,0.756,0.244,0.6369
2022-11-23,0.0,1.0,0.0,0.0
2022-11-24,0.0,1.0,0.0,0.0
2022-11-25,0.0,0.709,0.291,0.8126
2022-11-26,0.0,0.734,0.266,0.4404
2022-11-27,0.119,0.688,0.193,0.3818
2022-11-28,0.0,0.805,0.195,0.4404
2022-11-29,0.0,1.0,0.0,0.0
2022-11-30,0.0,0.736,0.264,0.7783
2022-12-01,0.0,1.0,0.0,0.0
2022-12-02,0.0,1.0,0.0,0.0
2022-12-03,0.407,0.593,0.0,-0.6705
2022-12-04,0.113,0.714,0.173,0.25
2022-12-05,0.0,1.0,0.0,0.0
2022-12-06,0.0,0.656,0.344,0.6369
2022-12-07,0.0,0.581,0.419,0.8779
2022-12-08,0.0,0.37,0.63,0.7783
2022-12-09,0.0,1.0,0.0,0.0
2022-12-10,0.0,0.87,0.13,0.2023
2022-12-11,0.0,1.0,0.0,0.0
2022-12-12,0.0,0.569,0.431,0.9022
2022-12-13,0.0,0.874,0.126,0.3818
2022-12-14,0.0,1.0,0.0,0.0
2022-12-15,0.0,1.0,0.0,0.0
2022-12-16,0.0,1.0,0.0,0.0
2022-12-17,0.0,0.724,0.276,0.6369
2022-12-18,0.0,0.527,0.473,0.8713
2022-12-19,0.0,1.0,0.0,0.0
2022-12-20,0.0,1.0,0.0,0.0
2022-12-21,0.0,0.677,0.323,0.824
2022-12-22,0.0,1.0,0.0,0.0
2022-12-23,0.0,1.0,0.0,0.0
2022-12-24,0.0,1.0,0.0,0.0
2022-12-25,0.0,0.756,0.244,0.4404
2022-12-26,0.0,0.864,0.136,0.5106
2022-12-27,0.0,0.784,0.216,0.5106
2022-12-28,0.0,0.625,0.375,0.6369
2022-12-29,0.0,0.625,0.375,0.6369
2022-12-30,0.0,0.902,0.098,0.0772
2022-12-31,0.0,1.0,0.0,0.0
2023-01-01,0.106,0.806,0.088,-0.128
2023-01-02,0.0,0.588,0.412,0.2732
2023-01-03,0.0,1.0,0.0,0.0
2023-01-04,0.0,1.0,0.0,0.0
2023-01-05,0.0,0.714,0.286,0.4939
2023-01-06,0.0,0.753,0.247,0.7096
2023-01-07,0.0,1.0,0.0,0.0
2023-01-08,0.25,0.625,0.125,-0.4215
2023-01-09,0.0,1.0,0.0,0.0
2023-01-10,0.0,1.0,0.0,0.0
2023-01-11,0.0,1.0,0.0,0.0
2023-01-12,0.0,0.543,0.457,0.6369
2023-01-13,0.0,0.894,0.106,0.2263
2023-01-14,0.0,1.0,0.0,0.0
2023-01-15,0.0,1.0,0.0,0.0
2023-01-16,0.0,0.781,0.219,0.6369
2023-01-17,0.0,0.588,0.412,0.743
2023-01-18,0.205,0.795,0.0,-0.2023
2023-01-19,0.0,1.0,0.0,0.0
2023-01-20,0.0,1.0,0.0,0.0
2023-01-21,0.0,1.0,0.0,0.0
2023-01-22,0.0,1.0,0.0,0.0
2023-01-23,0.0,1.0,0.0,0.0
2023-01-24,0.0,0.704,0.296,0.6369
2023-01-25,0.0,0.861,0.139,0.6369
2023-01-26,0.0,0.826,0.174,0.2732
2023-01-27,0.162,0.838,0.0,-0.4404
2023-01-28,0.0,0.588,0.412,0.6369
2023-01-29,0.385,0.615,0.0,-0.3612
2023-01-30,0.238,0.762,0.0,-0.6486
2023-01-31,0.0,0.588,0.412,0.6369
2023-02-01,0.0,0.588,0.412,0.6369
2023-02-02,0.0,0.656,0.344,0.6369
2023-02-03,0.0,0.745,0.255,0.7322
2023-02-04,0.0,1.0,0.0,0.0
2023-02-05,0.121,0.651,0.228,0.3182
2023-02-06,0.323,0.677,0.0,-0.5106
2023-02-07,0.0,0.791,0.209,0.4404
2023-02-08,0.086,0.741,0.173,0.34
2023-02-09,0.0,1.0,0.0,0.0
2023-02-10,0.0,1.0,0.0,0.0
2023-02-11,0.0,1.0,0.0,0.0
2023-02-12,0.0,0.755,0.245,0.3818
2023-02-13,0.0,0.886,0.114,0.2023
2023-02-14,0.0,0.607,0.393,0.8555
2023-02-15,0.073,0.777,0.15,0.3612
2023-02-16,0.0,1.0,0.0,0.0
2023-02-17,0.0,1.0,0.0,0.0
2023-02-18,0.265,0.735,0.0,-0.5574
2023-02-19,0.412,0.588,0.0,-0.743
2023-02-20,0.0,1.0,0.0,0.0
2023-02-21,0.115,0.885,0.0,-0.2057
2023-02-22,0.0,0.879,0.121,0.4404
2023-02-23,0.0,1.0,0.0,0.0
2023-02-24,0.0,0.588,0.412,0.6369
2023-02-25,0.34,0.66,0.0,-0.5574
2023-02-26,0.34,0.66,0.0,-0.5574
2023-02-27,0.104,0.896,0.0,-0.2732
2023-02-28,0.0,1.0,0.0,0.0
2023-03-01,0.0,1.0,0.0,0.0
2023-03-02,0.0,0.772,0.228,0.7096
2023-03-03,0.0,1.0,0.0,0.0
2023-03-04,0.241,0.759,0.0,-0.7906
2023-03-05,0.0,1.0,0.0,0.0
2023-03-06,0.2,0.8,0.0,-0.25
2023-03-07,0.0,1.0,0.0,0.0
2023-03-08,0.0,1.0,0.0,0.0
2023-03-09,0.0,1.0,0.0,0.0
2023-03-10,0.0,1.0,0.0,0.0
2023-03-11,0.0,0.488,0.512,0.6369
2023-03-12,0.109,0.714,0.176,0.3818
2023-03-13,0.0,1.0,0.0,0.0
2023-03-14,0.0,0.629,0.371,0.7096
2023-03-15,0.0,1.0,0.0,0.0
2023-03-16,0.0,1.0,0.0,0.0
2023-03-17,0.129,0.765,0.106,-0.1027
2023-03-18,0.129,0.765,0.106,-0.1027
2023-03-19,0.0,1.0,0.0,0.0
2023-03-20,0.219,0.781,0.0,-0.1027
2023-03-21,0.091,0.702,0.207,0.5106
2023-03-22,0.0,0.625,0.375,0.6369
2023-03-24,0.0,1.0,0.0,0.0
2023-03-25,0.0,0.682,0.318,0.6369
2023-03-26,0.0,1.0,0.0,0.0
2023-03-27,0.0,1.0,0.0,0.0
2023-03-28,0.2,0.8,0.0,-0.128
2023-03-29,0.0,1.0,0.0,0.0
2023-03-30,0.0,0.894,0.106,0.2263
2023-03-31,0.0,0.651,0.349,0.8442
2023-04-01,0.0,1.0,0.0,0.0
2023-04-02,0.108,0.765,0.127,0.1002
2023-04-03,0.177,0.823,0.0,-0.4215
2023-04-04,0.208,0.792,0.0,-0.2732
2023-04-05,0.0,0.543,0.457,0.6369
2023-04-06,0.0,1.0,0.0,0.0
2023-04-07,0.061,0.438,0.5,0.8754
2023-04-08,0.0,0.816,0.184,0.4019
2023-04-09,0.0,1.0,0.0,0.0
2023-04-10,0.0,1.0,0.0,0.0
2023-04-11,0.0,1.0,0.0,0.0
2023-04-12,0.0,1.0,0.0,0.0
2023-04-13,0.129,0.737,0.134,0.0258
2023-04-14,0.0,1.0,0.0,0.0
2023-04-15,0.0,0.829,0.171,0.4391
2023-04-16,0.082,0.765,0.153,0.296
2023-04-17,0.0,1.0,0.0,0.0
2023-04-18,0.0,0.909,0.091,0.128
2023-04-19,0.128,0.872,0.0,-0.2263
2023-04-20,0.0,1.0,0.0,0.0
2023-04-21,0.0,0.588,0.412,0.6369
2023-04-22,0.0,1.0,0.0,0.0
2023-04-23,0.0,1.0,0.0,0.0
2023-04-24,0.0,0.8,0.2,0.3612
2023-04-25,0.0,0.645,0.355,0.5106
2023-04-26,0.0,1.0,0.0,0.0
2023-04-27,0.0,1.0,0.0,0.0
2023-04-28,0.0,1.0,0.0,0.0
2023-04-29,0.0,1.0,0.0,0.0
2023-04-30,0.0,1.0,0.0,0.0
2023-05-01,0.137,0.588,0.275,0.4767
2023-05-02,0.062,0.938,0.0,-0.1027
2023-05-03,0.093,0.795,0.113,0.0772
2023-05-04,0.0,0.707,0.293,0.2263
2023-05-05,0.0,0.826,0.174,0.2263
2023-05-06,0.0,0.833,0.167,0.3818
2023-05-07,0.0,1.0,0.0,0.0
2023-05-08,0.0,0.851,0.149,0.3612
2023-05-09,0.0,0.855,0.145,0.1779
2023-05-10,0.0,0.816,0.184,0.2023
2023-05-11,0.145,0.667,0.189,0.2006
2023-05-12,0.0,1.0,0.0,0.0
2023-05-13,0.0,1.0,0.0,0.0
2023-05-14,0.0,1.0,0.0,0.0
2023-05-15,0.0,1.0,0.0,0.0
2023-05-16,0.0,0.488,0.512,0.6369
2023-05-17,0.0,0.857,0.143,0.3612
2023-05-18,0.0,1.0,0.0,0.0
2023-05-19,0.0,1.0,0.0,0.0
2023-05-20,0.0,1.0,0.0,0.0
2023-05-21,0.0,1.0,0.0,0.0
2023-05-22,0.0,1.0,0.0,0.0
2023-05-23,0.0,0.741,0.259,0.6369
2023-05-24,0.0,1.0,0.0,0.0
2023-05-25,0.0,0.922,0.078,0.1779
2023-05-26,0.0,1.0,0.0,0.0
2023-05-27,0.0,1.0,0.0,0.0
2023-05-28,0.333,0.667,0.0,-0.25
2023-05-29,0.0,0.823,0.177,0.4215
2023-05-30,0.0,1.0,0.0,0.0
2023-05-31,0.0,1.0,0.0,0.0
2023-06-01,0.0,0.829,0.171,0.5106
2023-06-02,0.074,0.926,0.0,-0.0516
2023-06-03,0.0,1.0,0.0,0.0
2023-06-04,0.0,0.0,0.0,0.0
2023-06-05,0.0,1.0,0.0,0.0
2023-06-06,0.0,0.899,0.101,0.2023
2023-06-07,0.0,0.756,0.244,0.6369
2023-06-08,0.177,0.633,0.19,0.0258
2023-06-09,0.0,0.913,0.087,0.25
2023-06-10,0.202,0.675,0.123,-0.3182
2023-06-11,0.0,0.8,0.2,0.4588
2023-06-12,0.0,0.697,0.303,0.8126
2023-06-13,0.113,0.887,0.0,-0.1027
2023-06-14,0.0,1.0,0.0,0.0
2023-06-15,0.0,1.0,0.0,0.0
2023-06-16,0.0,1.0,0.0,0.0
2023-06-17,0.0,0.942,0.058,0.2023
2023-06-18,0.0,1.0,0.0,0.0
2023-06-19,0.0,1.0,0.0,0.0
2023-06-20,0.0,1.0,0.0,0.0
2023-06-21,0.0,1.0,0.0,0.0
2023-06-22,0.0,0.786,0.214,0.4588
2023-06-23,0.0,1.0,0.0,0.0
2023-06-24,0.0,1.0,0.0,0.0
2023-06-25,0.0,0.581,0.419,0.802
2023-06-26,0.0,1.0,0.0,0.0
2023-06-27,0.0,1.0,0.0,0.0
2023-06-28,0.0,0.907,0.093,0.1139
2023-06-29,0.0,0.604,0.396,0.7096
2023-06-30,0.0,0.775,0.225,0.4404
2023-07-01,0.0,1.0,0.0,0.0
2023-07-02,0.0,1.0,0.0,0.0
2023-07-03,0.0,1.0,0.0,0.0
2023-07-04,0.205,0.621,0.174,-0.128
2023-07-05,0.0,0.934,0.066,0.1779
2023-07-06,0.0,1.0,0.0,0.0
2023-07-07,0.37,0.63,0.0,-0.5719
2023-07-08,0.0,0.682,0.318,0.6369
2023-07-09,0.0,0.833,0.167,0.4588
2023-07-10,0.37,0.63,0.0,-0.5719
2023-07-11,0.0,0.576,0.424,0.7096
2023-07-12,0.0,0.656,0.344,0.6369
2023-07-13,0.0,0.682,0.318,0.6369
2023-07-14,0.0,0.697,0.303,0.8126
2023-07-15,0.0,1.0,0.0,0.0
2023-07-16,0.0,1.0,0.0,0.0
2023-07-17,0.089,0.772,0.139,0.3182
2023-07-18,0.089,0.772,0.139,0.3182
2023-07-19,0.197,0.803,0.0,-0.4019
2023-07-20,0.141,0.859,0.0,-0.3182
2023-07-21,0.0,0.887,0.113,0.4215
2023-07-22,0.17,0.722,0.108,-0.296
2023-07-23,0.0,1.0,0.0,0.0
2023-07-24,0.0,0.833,0.167,0.25
2023-07-25,0.0,1.0,0.0,0.0
2023-07-26,0.0,0.742,0.258,0.7096
2023-07-27,0.0,1.0,0.0,0.0
2023-07-28,0.0,0.656,0.344,0.6369
2023-07-29,0.0,1.0,0.0,0.0
2023-07-30,0.0,1.0,0.0,0.0
2023-07-31,0.0,1.0,0.0,0.0
2023-08-01,0.0,0.736,0.264,0.5106
2023-08-02,0.0,0.797,0.203,0.4215
2023-08-03,0.0,1.0,0.0,0.0
2023-08-04,0.085,0.853,0.061,-0.1154
2023-08-05,0.259,0.741,0.0,-0.4215
2023-08-06,0.267,0.733,0.0,-0.6249
2023-08-07,0.0,0.828,0.172,0.4019
2023-08-08,0.0,1.0,0.0,0.0
2023-08-09,0.0,1.0,0.0,0.0
2023-08-10,0.0,0.0,0.0,0.0
2023-08-11,0.0,0.933,0.067,0.0772
2023-08-12,0.0,1.0,0.0,0.0
2023-08-13,0.0,1.0,0.0,0.0
2023-08-14,0.0,1.0,0.0,0.0
2023-08-15,0.0,1.0,0.0,0.0
2023-08-16,0.0,0.826,0.174,0.2263
2023-08-17,0.0,0.692,0.308,0.5994
2023-08-18,0.0,0.556,0.444,0.7506
2023-08-19,0.0,1.0,0.0,0.0
2023-08-20,0.115,0.885,0.0,-0.296
2023-08-21,0.116,0.529,0.354,0.6705
2023-08-22,0.0,1.0,0.0,0.0
2023-08-23,0.0,0.87,0.13,0.34
2023-08-24,0.187,0.813,0.0,-0.3182
2023-08-25,0.0,0.69,0.31,0.4019
2023-08-26,0.0,0.756,0.244,0.6369
2023-08-27,0.0,1.0,0.0,0.0
2023-08-28,0.0,1.0,0.0,0.0
2023-08-29,0.0,0.926,0.074,0.25
2023-08-30,0.0,1.0,0.0,0.0
2023-08-31,0.0,0.704,0.296,0.6369
2023-09-01,0.0,0.656,0.344,0.6369
2023-09-02,0.0,1.0,0.0,0.0
2023-09-03,0.0,1.0,0.0,0.0
2023-09-04,0.0,1.0,0.0,0.0
2023-09-05,0.185,0.556,0.259,0.2023
2023-09-06,0.0,0.813,0.187,0.3182
2023-09-07,0.126,0.631,0.243,0.3182
2023-09-08,0.0,1.0,0.0,0.0
2023-09-09,0.0,0.833,0.167,0.2023
2023-09-10,0.0,1.0,0.0,0.0
2023-09-11,0.0,1.0,0.0,0.0
2023-09-12,0.0,1.0,0.0,0.0
2023-09-13,0.0,0.543,0.457,0.6369
2023-09-14,0.0,1.0,0.0,0.0
2023-09-15,0.0,0.884,0.116,0.2732
2023-09-16,0.0,1.0,0.0,0.0
2023-09-17,0.167,0.58,0.253,0.2944
2023-09-18,0.0,1.0,0.0,0.0
2023-09-20,0.266,0.734,0.0,-0.4404
2023-09-21,0.0,0.808,0.192,0.2263
2023-09-22,0.0,1.0,0.0,0.0
2023-09-23,0.0,0.803,0.197,0.4019
2023-09-24,0.0,0.839,0.161,0.3182
2023-09-25,0.0,0.569,0.431,0.5093
2023-09-26,0.0,1.0,0.0,0.0
2023-09-27,0.0,1.0,0.0,0.0
2023-09-28,0.263,0.737,0.0,-0.5719
2023-09-29,0.0,0.859,0.141,0.2023
2023-09-30,0.0,1.0,0.0,0.0
2023-10-01,0.0,1.0,0.0,0.0
2023-10-02,0.0,1.0,0.0,0.0
2023-10-03,0.0,1.0,0.0,0.0
2023-10-04,0.0,1.0,0.0,0.0
2023-10-05,0.0,1.0,0.0,0.0
2023-10-06,0.0,0.576,0.424,0.7096
2023-10-08,0.0,0.625,0.375,0.8016
2023-10-09,0.134,0.698,0.169,0.1531
2023-10-10,0.0,0.576,0.424,0.7096
2023-10-11,0.0,1.0,0.0,0.0
2023-10-12,0.189,0.811,0.0,-0.1027
2023-10-13,0.0,0.645,0.355,0.5106
2023-10-14,0.0,1.0,0.0,0.0
2023-10-15,0.0,1.0,0.0,0.0
2023-10-16,0.0,0.823,0.177,0.4215
2023-10-17,0.0,1.0,0.0,0.0
2023-10-18,0.0,0.811,0.189,0.6369
2023-10-19,0.286,0.714,0.0,-0.5267
2023-10-20,0.172,0.828,0.0,-0.3612
2023-10-21,0.0,0.575,0.425,0.8126
2023-10-22,0.0,1.0,0.0,0.0
2023-10-23,0.0,1.0,0.0,0.0
2023-10-24,0.0,1.0,0.0,0.0
2023-10-25,0.0,1.0,0.0,0.0
2023-10-26,0.138,0.862,0.0,-0.1531
2023-10-27,0.286,0.714,0.0,-0.5574
2023-10-28,0.0,1.0,0.0,0.0
2023-10-29,0.211,0.789,0.0,-0.4939
2023-10-30,0.0,1.0,0.0,0.0
2023-10-31,0.0,1.0,0.0,0.0
2023-11-01,0.0,1.0,0.0,0.0
2023-11-02,0.0,1.0,0.0,0.0
2023-11-03,0.0,1.0,0.0,0.0
2023-11-04,0.0,1.0,0.0,0.0
2023-11-05,0.0,1.0,0.0,0.0
2023-11-06,0.0,0.881,0.119,0.2263
2023-11-07,0.406,0.594,0.0,-0.4767
2023-11-08,0.0,1.0,0.0,0.0
2023-11-09,0.0,1.0,0.0,0.0
2023-11-10,0.0,1.0,0.0,0.0
2023-11-11,0.0,1.0,0.0,0.0
2023-11-12,0.0,1.0,0.0,0.0
2023-11-13,0.0,0.859,0.141,0.2023
2023-11-14,0.0,0.87,0.13,0.2732
2023-11-15,0.0,0.808,0.192,0.2263
2023-11-16,0.0,1.0,0.0,0.0
2023-11-17,0.0,0.798,0.202,0.5106
2023-11-18,0.0,1.0,0.0,0.0
2023-11-19,0.0,0.882,0.118,0.0516
2023-11-20,0.0,0.7,0.3,0.8908
2023-11-21,0.0,0.805,0.195,0.1779
2023-11-22,0.0,1.0,0.0,0.0
2023-11-23,0.0,1.0,0.0,0.0
2023-11-24,0.0,0.87,0.13,0.2023
2023-11-25,0.0,1.0,0.0,0.0
2023-11-26,0.0,0.756,0.244,0.6369
2023-11-27,0.0,0.588,0.412,0.6369
2023-11-28,0.0,0.656,0.344,0.6369
2023-11-29,0.097,0.621,0.283,0.4019
2023-11-30,0.0,1.0,0.0,0.0
2023-12-01,0.0,1.0,0.0,0.0
2023-12-02,0.0,1.0,0.0,0.0
2023-12-03,0.0,1.0,0.0,0.0
2023-12-04,0.0,1.0,0.0,0.0
2023-12-05,0.0,0.814,0.186,0.4927
2023-12-06,0.0,1.0,0.0,0.0
2023-12-07,0.0,1.0,0.0,0.0
2023-12-08,0.0,1.0,0.0,0.0
2023-12-09,0.0,0.786,0.214,0.4588
2023-12-10,0.145,0.855,0.0,-0.296
2023-12-11,0.0,1.0,0.0,0.0
2023-12-12,0.174,0.826,0.0,-0.6633
2023-12-13,0.0,0.615,0.385,0.7845
2023-12-14,0.0,1.0,0.0,0.0
2023-12-15,0.0,1.0,0.0,0.0
2023-12-16,0.0,0.583,0.417,0.6124
2023-12-17,0.172,0.828,0.0,-0.4019
2023-12-18,0.0,1.0,0.0,0.0
2023-12-19,0.0,1.0,0.0,0.0
2023-12-20,0.0,1.0,0.0,0.0
2023-12-21,0.231,0.769,0.0,-0.4588
2023-12-22,0.0,0.847,0.153,0.4404
2023-12-23,0.0,1.0,0.0,0.0
2023-12-24,0.0,1.0,0.0,0.0
2023-12-25,0.0,1.0,0.0,0.0
2023-12-26,0.38,0.435,0.185,-0.5574
2023-12-27,0.265,0.735,0.0,-0.5574
2023-12-28,0.0,1.0,0.0,0.0
2023-12-29,0.0,1.0,0.0,0.0
2023-12-30,0.0,0.681,0.319,0.7269
2023-12-31,0.0,0.682,0.318,0.6369
2024-01-01,0.0,1.0,0.0,0.0
2024-01-02,0.196,0.515,0.289,0.2263
2024-01-03,0.137,0.863,0.0,-0.1901
2024-01-04,0.0,1.0,0.0,0.0
2024-01-05,0.0,1.0,0.0,0.0
2024-01-06,0.225,0.775,0.0,-0.4404
2024-01-07,0.0,1.0,0.0,0.0
2024-01-08,0.0,0.8,0.2,0.25
2024-01-09,0.0,0.833,0.167,0.25
2024-01-10,0.135,0.865,0.0,-0.1027
2024-01-11,0.0,1.0,0.0,0.0
2024-01-12,0.0,1.0,0.0,0.0
2024-01-13,0.061,0.939,0.0,-0.1779
2024-01-14,0.0,0.0,0.0,0.0
2024-01-15,0.254,0.622,0.124,-0.4423
2024-01-16,0.266,0.734,0.0,-0.7003
2024-01-17,0.0,0.652,0.348,0.7506
2024-01-18,0.0,1.0,0.0,0.0
2024-01-19,0.0,0.752,0.248,0.5106
2024-01-20,0.091,0.909,0.0,-0.1027
2024-01-21,0.0,0.682,0.318,0.6369
2024-01-22,0.0,0.875,0.125,0.25
2024-01-23,0.0,1.0,0.0,0.0
2024-01-24,0.0,0.797,0.203,0.4215
2024-01-25,0.425,0.575,0.0,-0.6633
2024-01-26,0.172,0.828,0.0,-0.3612
2024-01-27,0.0,1.0,0.0,0.0
2024-01-28,0.097,0.903,0.0,-0.1027
2024-01-29,0.0,0.664,0.336,0.765
2024-01-30,0.0,1.0,0.0,0.0
2024-01-31,0.0,0.81,0.19,0.4588
2024-02-01,0.0,0.844,0.156,0.34
2024-02-02,0.0,1.0,0.0,0.0
2024-02-03,0.0,0.833,0.167,0.25
2024-02-04,0.0,1.0,0.0,0.0
2024-02-05,0.0,0.734,0.266,0.6115
2024-02-06,0.0,1.0,0.0,0.0
2024-02-07,0.0,0.818,0.182,0.25
2024-02-08,0.0,0.73,0.27,0.5154
2024-02-09,0.0,0.846,0.154,0.4588
2024-02-10,0.0,0.714,0.286,0.34
2024-02-11,0.102,0.749,0.15,0.2263
2024-02-12,0.102,0.749,0.15,0.2263
2024-02-13,0.348,0.652,0.0,-0.4939
2024-02-14,0.0,1.0,0.0,0.0
2024-02-15,0.0,0.719,0.281,0.802
2024-02-16,0.0,1.0,0.0,0.0
2024-02-17,0.0,0.839,0.161,0.5574
2024-02-18,0.14,0.674,0.185,0.2023
2024-02-19,0.0,0.818,0.182,0.25
2024-02-20,0.0,1.0,0.0,0.0
2024-02-21,0.0,0.674,0.326,0.743
2024-02-22,0.0,0.708,0.292,0.5106
2024-02-23,0.0,0.682,0.318,0.6369
2024-02-24,0.0,1.0,0.0,0.0
2024-02-25,0.0,0.822,0.178,0.3818
2024-02-26,0.0,1.0,0.0,0.0
2024-02-27,0.0,1.0,0.0,0.0
2024-02-28,0.0,0.874,0.126,0.0772
2024-02-29,0.0,1.0,0.0,0.0
2024-03-01,0.0,1.0,0.0,0.0
2024-03-02,0.391,0.609,0.0,-0.6705
2024-03-03,0.0,1.0,0.0,0.0
2024-03-04,0.0,1.0,0.0,0.0
2024-03-05,0.0,0.752,0.248,0.5106
2024-03-06,0.0,0.909,0.091,0.0772
2024-03-07,0.147,0.853,0.0,-0.2263
2024-03-08,0.0,1.0,0.0,0.0
2024-03-09,0.0,0.808,0.192,0.1695
2024-03-10,0.0,0.882,0.118,0.25
2024-03-11,0.0,1.0,0.0,0.0
2024-03-12,0.0,0.894,0.106,0.0772
2024-03-13,0.087,0.745,0.168,0.3182
2024-03-14,0.209,0.791,0.0,-0.4404
2024-03-15,0.0,1.0,0.0,0.0
2024-03-16,0.123,0.877,0.0,-0.1027
2024-03-17,0.0,1.0,0.0,0.0
2024-03-18,0.0,1.0,0.0,0.0
2024-03-19,0.0,1.0,0.0,0.0
2024-03-20,0.0,0.909,0.091,0.0772
2024-03-21,0.0,0.833,0.167,0.4588
2024-03-22,0.211,0.789,0.0,-0.3412
2024-03-23,0.0,1.0,0.0,0.0
2024-03-24,0.0,1.0,0.0,0.0
2024-03-25,0.0,0.818,0.182,0.4588
2024-03-26,0.0,0.861,0.139,0.2732
2024-03-27,0.0,1.0,0.0,0.0
2024-03-28,0.0,1.0,0.0,0.0
2024-03-29,0.0,1.0,0.0,0.0
2024-03-30,0.0,0.811,0.189,0.2732
2024-03-31,0.0,0.82,0.18,0.296
2024-04-01,0.0,1.0,0.0,0.0
2024-04-02,0.151,0.849,0.0,-0.1531
2024-04-03,0.0,1.0,0.0,0.0
2024-04-04,0.0,1.0,0.0,0.0
2024-04-05,0.148,0.71,0.142,-0.0258
2024-04-06,0.279,0.62,0.101,-0.5106
2024-04-07,0.0,1.0,0.0,0.0
2024-04-08,0.0,1.0,0.0,0.0
2024-04-09,0.0,1.0,0.0,0.0
2024-04-10,0.0,1.0,0.0,0.0
2024-04-11,0.173,0.827,0.0,-0.3182
2024-04-12,0.0,1.0,0.0,0.0
2024-04-13,0.0,1.0,0.0,0.0
2024-04-14,0.0,1.0,0.0,0.0
2024-04-15,0.0,1.0,0.0,0.0
2024-04-16,0.0,1.0,0.0,0.0
2024-04-17,0.0,1.0,0.0,0.0
2024-04-18,0.0,0.642,0.358,0.4404
2024-04-19,0.33,0.67,0.0,-0.6633
2024-04-20,0.0,1.0,0.0,0.0
2024-04-21,0.215,0.593,0.193,-0.0772
2024-04-22,0.357,0.643,0.0,-0.6633
2024-04-23,0.0,1.0,0.0,0.0
2024-04-24,0.0,1.0,0.0,0.0
2024-04-25,0.0,0.769,0.231,0.4588
2024-04-26,0.112,0.888,0.0,-0.4404
2024-04-27,0.0,0.826,0.174,0.5859
2024-04-28,0.14,0.777,0.083,-0.2942
2024-04-29,0.0,0.621,0.379,0.6705
2024-04-30,0.0,0.791,0.209,0.4404
2024-05-01,0.0,0.789,0.211,0.4588
2024-05-02,0.0,1.0,0.0,0.0
2024-05-03,0.0,1.0,0.0,0.0
2024-05-04,0.0,0.682,0.318,0.7906
2024-05-05,0.0,1.0,0.0,0.0
2024-05-06,0.0,1.0,0.0,0.0
2024-05-07,0.0,0.0,0.0,0.0
2024-05-08,0.0,0.556,0.444,0.5859
2024-05-09,0.0,1.0,0.0,0.0
2024-05-10,0.199,0.662,0.139,-0.2052
2024-05-11,0.0,0.824,0.176,0.4588
2024-05-12,0.219,0.781,0.0,-0.1027
2024-05-13,0.0,0.882,0.118,0.34
2024-05-14,0.0,0.625,0.375,0.6597
2024-05-15,0.239,0.58,0.181,-0.2023
2024-05-16,0.0,1.0,0.0,0.0
2024-05-17,0.0,1.0,0.0,0.0
2024-05-18,0.0,1.0,0.0,0.0
2024-05-19,0.0,0.787,0.213,0.5859
2024-05-20,0.0,1.0,0.0,0.0
2024-05-21,0.0,0.651,0.349,0.8176
2024-05-22,0.0,1.0,0.0,0.0
2024-05-23,0.0,1.0,0.0,0.0
2024-05-24,0.0,1.0,0.0,0.0
2024-05-25,0.0,1.0,0.0,0.0
2024-05-26,0.0,0.488,0.512,0.6369
2024-05-27,0.0,0.682,0.318,0.6369
2024-05-28,0.0,1.0,0.0,0.0
2024-05-29,0.0,1.0,0.0,0.0
2024-05-30,0.0,0.891,0.109,0.4019
2024-05-31,0.0,0.682,0.318,0.6369
2024-06-01,0.0,1.0,0.0,0.0
2024-06-03,0.0,1.0,0.0,0.0
2024-06-04,0.0,1.0,0.0,0.0
2024-06-05,0.0,0.715,0.285,0.5255
2024-06-06,0.145,0.855,0.0,-0.296
2024-06-07,0.0,0.704,0.296,0.6369
2024-06-08,0.0,0.795,0.205,0.4767
2024-06-09,0.176,0.824,0.0,-0.128
2024-06-10,0.152,0.652,0.196,0.1531
2024-06-11,0.0,1.0,0.0,0.0
2024-06-12,0.0,0.827,0.173,0.3182
2024-06-13,0.0,1.0,0.0,0.0
2024-06-14,0.0,0.805,0.195,0.4404
2024-06-15,0.0,0.817,0.183,0.5859
2024-06-16,0.0,0.817,0.183,0.5859
2024-06-17,0.2,0.8,0.0,-0.25
2024-06-18,0.259,0.741,0.0,-0.5994
2024-06-19,0.0,0.874,0.126,0.3182
2024-06-20,0.0,0.0,0.0,0.0
2024-06-21,0.0,1.0,0.0,0.0
2024-06-22,0.0,1.0,0.0,0.0
2024-06-23,0.0,0.78,0.22,0.4767
2024-06-24,0.0,0.707,0.293,0.7003
2024-06-25,0.0,1.0,0.0,0.0
2024-06-26,0.0,1.0,0.0,0.0
2024-06-27,0.0,0.78,0.22,0.4767
2024-06-28,0.0,0.875,0.125,0.25
2024-06-29,0.0,0.787,0.213,0.5574
2024-06-30,0.221,0.606,0.173,-0.1416
2024-07-01,0.0,1.0,0.0,0.0
2024-07-02,0.0,1.0,0.0,0.0
2024-07-03,0.0,1.0,0.0,0.0
2024-07-04,0.0,0.851,0.149,0.2732
2024-07-05,0.0,0.807,0.193,0.4767
2024-07-06,0.0,1.0,0.0,0.0
2024-07-07,0.0,1.0,0.0,0.0
2024-07-08,0.149,0.851,0.0,-0.4215
2024-07-09,0.0,0.857,0.143,0.5927
2024-07-10,0.0,0.843,0.157,0.3818
2024-07-11,0.145,0.855,0.0,-0.1779
2024-07-12,0.0,1.0,0.0,0.0
2024-07-13,0.16,0.679,0.16,0.0
2024-07-14,0.167,0.833,0.0,-0.34
2024-07-15,0.0,1.0,0.0,0.0
2024-07-16,0.162,0.838,0.0,-0.4767
2024-07-17,0.0,0.865,0.135,0.3612
2024-07-18,0.0,0.656,0.344,0.6369
2024-07-19,0.0,1.0,0.0,0.0
2024-07-20,0.0,0.806,0.194,0.34
2024-07-21,0.0,1.0,0.0,0.0
2024-07-22,0.0,0.876,0.124,0.4767
2024-07-23,0.0,0.87,0.13,0.2023
2024-07-24,0.0,0.807,0.193,0.4767
2024-07-25,0.0,0.763,0.237,0.4767
2024-07-26,0.0,0.625,0.375,0.6597
2024-07-27,0.0,1.0,0.0,0.0
2024-07-28,0.0,0.8,0.2,0.3612
2024-07-29,0.0,1.0,0.0,0.0
2024-07-30,0.0,0.654,0.346,0.6486
2024-07-31,0.0,0.612,0.388,0.6908
2024-08-01,0.0,0.744,0.256,0.4767
2024-08-02,0.0,0.868,0.132,0.4404
2024-08-03,0.0,1.0,0.0,0.0
2024-08-04,0.0,1.0,0.0,0.0
2024-08-05,0.0,1.0,0.0,0.0
2024-08-06,0.0,1.0,0.0,0.0
2024-08-07,0.0,0.795,0.205,0.4767
2024-08-08,0.0,1.0,0.0,0.0
2024-08-09,0.0,0.763,0.237,0.4767
2024-08-10,0.0,0.611,0.389,0.6249
2024-08-11,0.0,1.0,0.0,0.0
2024-08-12,0.136,0.864,0.0,-0.296
2024-08-13,0.0,1.0,0.0,0.0
2024-08-15,0.0,1.0,0.0,0.0
2024-08-16,0.0,1.0,0.0,0.0
2024-08-17,0.0,0.0,0.0,0.0
2024-08-18,0.0,0.846,0.154,0.25
2024-08-19,0.0,1.0,0.0,0.0
2024-08-20,0.0,1.0,0.0,0.0
2024-08-21,0.0,0.795,0.205,0.4754
2024-08-22,0.0,1.0,0.0,0.0
2024-08-23,0.0,1.0,0.0,0.0
2024-08-24,0.0,1.0,0.0,0.0
2024-08-25,0.0,0.776,0.224,0.3818
2024-08-26,0.139,0.861,0.0,-0.5267
2024-08-27,0.0,0.826,0.174,0.2732
2024-08-28,0.0,1.0,0.0,0.0
2024-08-29,0.0,0.78,0.22,0.4767
2024-08-30,0.0,0.67,0.33,0.7096
2024-08-31,0.0,1.0,0.0,0.0
2024-09-01,0.0,1.0,0.0,0.0
2024-09-02,0.0,1.0,0.0,0.0
2024-09-03,0.0,1.0,0.0,0.0
2024-09-04,0.0,0.895,0.105,0.4019
2024-09-05,0.0,1.0,0.0,0.0
2024-09-06,0.0,1.0,0.0,0.0
2024-09-07,0.0,1.0,0.0,0.0
2024-09-08,0.0,1.0,0.0,0.0
2024-09-09,0.0,0.738,0.262,0.4939
2024-09-10,0.0,1.0,0.0,0.0
2024-09-11,0.0,0.876,0.124,0.3412
2024-09-12,0.0,1.0,0.0,0.0
2024-09-13,0.0,1.0,0.0,0.0
2024-09-14,0.0,0.885,0.115,0.0772
2024-09-15,0.0,0.865,0.135,0.3291
2024-09-16,0.0,1.0,0.0,0.0
2024-09-17,0.0,1.0,0.0,0.0
2024-09-18,0.0,0.806,0.194,0.34
2024-09-19,0.0,0.71,0.29,0.6486
2024-09-20,0.0,0.732,0.268,0.296
2024-09-21,0.101,0.899,0.0,-0.2263
2024-09-22,0.0,0.53,0.47,0.7964
2024-09-23,0.0,0.86,0.14,0.4767
2024-09-24,0.0,0.853,0.147,0.2263
2024-09-25,0.0,0.0,0.0,0.0
2024-09-26,0.0,1.0,0.0,0.0
2024-09-27,0.082,0.765,0.153,0.296
2024-09-28,0.0,0.844,0.156,0.34
2024-09-29,0.0,0.909,0.091,0.0772
2024-09-30,0.0,0.547,0.453,0.7003
2024-10-01,0.0,1.0,0.0,0.0
2024-10-02,0.134,0.866,0.0,-0.1779
2024-10-03,0.0,0.805,0.195,0.1779
2024-10-04,0.0,1.0,0.0,0.0
2024-10-05,0.0,0.556,0.444,0.4939
2024-10-06,0.0,0.556,0.444,0.4939
2024-10-07,0.0,0.682,0.318,0.6369
2024-10-08,0.0,0.656,0.344,0.6369
2024-10-09,0.0,1.0,0.0,0.0
2024-10-10,0.0,0.857,0.143,0.25
2024-10-11,0.0,0.857,0.143,0.25
2024-10-12,0.0,1.0,0.0,0.0
2024-10-13,0.136,0.617,0.247,0.2023
2024-10-14,0.271,0.729,0.0,-0.5358
2024-10-15,0.0,0.763,0.237,0.357
2024-10-16,0.0,0.898,0.102,0.1779
2024-10-17,0.139,0.495,0.366,0.5106
2024-10-18,0.0,0.496,0.504,0.7269
2024-10-19,0.0,1.0,0.0,0.0
2024-10-20,0.0,1.0,0.0,0.0
2024-10-21,0.0,0.718,0.282,0.6249
2024-10-22,0.112,0.815,0.073,-0.2263
2024-10-23,0.211,0.789,0.0,-0.34
2024-10-24,0.097,0.903,0.0,-0.1027
2024-10-25,0.0,1.0,0.0,0.0
2024-10-26,0.0,1.0,0.0,0.0
2024-10-27,0.0,1.0,0.0,0.0
2024-10-28,0.0,0.78,0.22,0.4767
2024-10-29,0.0,1.0,0.0,0.0
2024-10-30,0.0,0.871,0.129,0.4767
2024-10-31,0.274,0.726,0.0,-0.5994
2024-11-01,0.0,1.0,0.0,0.0
2024-11-02,0.0,1.0,0.0,0.0
2024-11-03,0.174,0.642,0.183,0.0258
2024-11-04,0.177,0.823,0.0,-0.4215
2024-11-05,0.0,0.7,0.3,0.7184
2024-11-06,0.0,1.0,0.0,0.0
2024-11-07,0.0,0.813,0.187,0.3182
2024-11-08,0.0,0.818,0.182,0.4389
2024-11-09,0.137,0.571,0.291,0.4019
2024-11-10,0.0,0.882,0.118,0.25
2024-11-11,0.0,0.775,0.225,0.4939
2024-11-12,0.0,1.0,0.0,0.0
2024-11-13,0.174,0.826,0.0,-0.2732
2024-11-14,0.0,1.0,0.0,0.0
2024-11-15,0.0,1.0,0.0,0.0
2024-11-16,0.0,0.697,0.303,0.7269
2024-11-17,0.0,1.0,0.0,0.0
2024-11-18,0.0,0.822,0.178,0.3818
2024-11-19,0.136,0.681,0.183,0.1935
2024-11-20,0.0,1.0,0.0,0.0
2024-11-21,0.0,1.0,0.0,0.0
2024-11-22,0.0,1.0,0.0,0.0
2024-11-23,0.0,1.0,0.0,0.0
2024-11-24,0.0,0.802,0.198,0.4939
2024-11-25,0.0,1.0,0.0,0.0
2024-11-26,0.0,0.625,0.375,0.6369
2024-11-27,0.182,0.54,0.279,0.2451
2024-11-28,0.0,0.731,0.269,0.7096
2024-11-29,0.0,1.0,0.0,0.0
2024-11-30,0.146,0.854,0.0,-0.34
2024-12-01,0.0,0.802,0.198,0.4939
2024-12-02,0.339,0.661,0.0,-0.4767
2024-12-03,0.0,0.833,0.167,0.25
2024-12-04,0.0,1.0,0.0,0.0
2024-12-05,0.174,0.579,0.248,0.2263
2024-12-06,0.0,1.0,0.0,0.0
2024-12-07,0.0,0.769,0.231,0.4588
2024-12-08,0.0,0.8,0.2,0.25
2024-12-09,0.0,0.8,0.2,0.4588
2024-12-10,0.0,0.753,0.247,0.3182
2024-12-11,0.179,0.821,0.0,-0.34
2024-12-12,0.0,0.614,0.386,0.7425
2024-12-13,0.0,1.0,0.0,0.0
2024-12-14,0.0,1.0,0.0,0.0
2024-12-15,0.0,1.0,0.0,0.0
2024-12-16,0.204,0.796,0.0,-0.3182
2024-12-17,0.0,0.723,0.277,0.5574
2024-12-18,0.0,1.0,0.0,0.0
2024-12-19,0.0,1.0,0.0,0.0
2024-12-20,0.0,1.0,0.0,0.0
2024-12-21,0.0,1.0,0.0,0.0
2024-12-22,0.0,1.0,0.0,0.0
2024-12-23,0.0,0.682,0.318,0.6369
2024-12-24,0.0,0.894,0.106,0.0772
2024-12-25,0.0,1.0,0.0,0.0
2024-12-26,0.0,0.769,0.231,0.5106
2024-12-27,0.196,0.804,0.0,-0.296
2024-12-28,0.0,1.0,0.0,0.0
2024-12-29,0.0,1.0,0.0,0.0
2024-12-30,0.0,0.915,0.085,0.0772
2024-12-31,0.0,0.752,0.248,0.5106
2025-01-01,0.0,0.805,0.195,0.4404
2025-01-02,0.0,0.703,0.297,0.5859
2025-01-03,0.0,0.634,0.366,0.6369
2025-01-04,0.0,0.787,0.213,0.4019
2025-01-05,0.0,0.8,0.2,0.3612
2025-01-06,0.0,0.854,0.146,0.0516
2025-01-07,0.0,0.625,0.375,0.5859
2025-01-08,0.0,1.0,0.0,0.0
2025-01-09,0.0,0.777,0.223,0.3182
2025-01-10,0.0,1.0,0.0,0.0
2025-01-11,0.339,0.408,0.253,-0.0119
2025-01-12,0.0,0.775,0.225,0.4404
2025-01-13,0.0,1.0,0.0,0.0
2025-01-14,0.0,1.0,0.0,0.0
2025-01-15,0.0,0.68,0.32,0.5106
2025-01-16,0.0,0.78,0.22,0.4767
2025-01-17,0.0,1.0,0.0,0.0
2025-01-18,0.0,1.0,0.0,0.0
2025-01-19,0.077,0.796,0.127,0.2263
2025-01-20,0.0,0.6,0.4,0.7184
2025-01-21,0.0,0.829,0.171,0.4767
2025-01-22,0.0,0.659,0.341,0.4767
2025-01-23,0.0,1.0,0.0,0.0
2025-01-24,0.0,1.0,0.0,0.0
2025-01-25,0.0,1.0,0.0,0.0
2025-01-26,0.0,1.0,0.0,0.0
2025-01-27,0.0,1.0,0.0,0.0
2025-01-28,0.0,0.795,0.205,0.4767
2025-01-29,0.0,1.0,0.0,0.0
2025-01-30,0.0,1.0,0.0,0.0
2025-01-31,0.126,0.548,0.327,0.5667
2025-02-01,0.0,0.805,0.195,0.3947
2025-02-02,0.0,1.0,0.0,0.0
2025-02-03,0.0,1.0,0.0,0.0
2025-02-04,0.0,0.758,0.242,0.4939
2025-02-05,0.0,1.0,0.0,0.0
2025-02-06,0.0,1.0,0.0,0.0
2025-02-07,0.0,1.0,0.0,0.0
2025-02-08,0.0,1.0,0.0,0.0
2025-02-09,0.0,1.0,0.0,0.0
2025-02-10,0.0,1.0,0.0,0.0
2025-02-11,0.182,0.818,0.0,-0.4404
2025-02-12,0.0,1.0,0.0,0.0
2025-02-13,0.0,1.0,0.0,0.0
2025-02-14,0.0,0.617,0.383,0.4767
2025-02-15,0.0,0.579,0.421,0.6249
2025-02-16,0.0,1.0,0.0,0.0
2025-02-17,0.0,1.0,0.0,0.0
2025-02-18,0.0,1.0,0.0,0.0
2025-02-19,0.0,1.0,0.0,0.0
2025-02-20,0.0,1.0,0.0,0.0
2025-02-21,0.112,0.815,0.073,-0.2263
2025-02-22,0.372,0.628,0.0,-0.3724
2025-02-23,0.0,1.0,0.0,0.0
2025-02-24,0.0,1.0,0.0,0.0
2025-02-25,0.108,0.795,0.097,-0.0516
2025-02-26,0.0,0.826,0.174,0.4588
2025-02-27,0.315,0.685,0.0,-0.5574
2025-02-28,0.0,0.715,0.285,0.5563
2025-03-01,0.0,1.0,0.0,0.0
2025-03-02,0.213,0.787,0.0,-0.4019
2025-03-03,0.0,0.746,0.254,0.5777
2025-03-04,0.0,1.0,0.0,0.0
2025-03-05,0.0,0.864,0.136,0.0258
2025-03-06,0.0,1.0,0.0,0.0
2025-03-07,0.0,0.763,0.237,0.357
2018-05-25,0.0,0.0,0.0,0.0
2018-05-17,0.135,0.725,0.14,0.0258
2018-05-19,0.0,1.0,0.0,0.0
2018-05-22,0.0,1.0,0.0,0.0
2018-05-24,0.0,1.0,0.0,0.0
2018-05-20,0.0,0.822,0.178,0.3818
2018-05-18,0.126,0.743,0.131,0.0258
2018-05-28,0.0,0.0,0.0,0.0
2018-05-23,0.0,1.0,0.0,0.0
2018-05-21,0.0,1.0,0.0,0.0
2018-05-26,0.0,1.0,0.0,0.0
2018-05-30,0.0,1.0,0.0,0.0
2018-05-29,0.0,1.0,0.0,0.0
2018-05-27,0.0,1.0,0.0,0.0
2018-05-31,0.0,1.0,0.0,0.0
2018-06-01,0.103,0.897,0.0,-0.128
2018-06-02,0.096,0.685,0.219,0.4215
2018-06-05,0.104,0.896,0.0,-0.296
2018-06-09,0.0,0.909,0.091,0.1531
2018-06-04,0.0,0.0,0.0,0.0
2018-06-07,0.0,1.0,0.0,0.0
2018-06-10,0.0,0.783,0.217,0.3612
2018-06-06,0.0,1.0,0.0,0.0
2018-06-03,0.0,1.0,0.0,0.0
2018-06-11,0.0,0.89,0.11,0.1531
2018-06-08,0.0,1.0,0.0,0.0
2018-06-12,0.0,1.0,0.0,0.0
2018-06-20,0.0,1.0,0.0,0.0
2018-06-13,0.0,0.775,0.225,0.4404
2018-06-14,0.0,1.0,0.0,0.0
2018-06-15,0.0,1.0,0.0,0.0
2018-06-19,0.0,0.859,0.141,0.3182
2018-06-17,0.0,0.85,0.15,0.3182
2018-06-23,0.0,1.0,0.0,0.0
2018-06-16,0.0,1.0,0.0,0.0
2018-06-24,0.0,0.507,0.493,0.8658
2018-06-18,0.0,1.0,0.0,0.0
2018-06-21,0.107,0.558,0.335,0.6705
2018-06-26,0.0,0.714,0.286,0.5267
2018-06-30,0.0,1.0,0.0,0.0
2018-06-25,0.0,1.0,0.0,0.0
2018-07-02,0.0,0.833,0.167,0.296
2018-06-29,0.0,1.0,0.0,0.0
2018-06-28,0.197,0.803,0.0,-0.4019
2018-07-03,0.0,1.0,0.0,0.0
2018-07-01,0.177,0.823,0.0,-0.2023
2018-07-09,0.0,1.0,0.0,0.0
2018-07-08,0.0,1.0,0.0,0.0
2018-07-04,0.0,0.547,0.453,0.7672
2018-07-06,0.0,1.0,0.0,0.0
2018-07-07,0.0,0.932,0.068,0.0258
2018-07-05,0.0,1.0,0.0,0.0
2018-07-10,0.0,0.833,0.167,0.4215
2018-07-12,0.0,0.593,0.407,0.5859
2018-07-11,0.0,0.847,0.153,0.2023
2018-07-13,0.0,0.556,0.444,0.5859
2018-07-14,0.306,0.694,0.0,-0.6486
2018-07-15,0.0,1.0,0.0,0.0
2018-07-16,0.0,1.0,0.0,0.0
2018-07-17,0.0,1.0,0.0,0.0
2018-07-18,0.0,1.0,0.0,0.0
2018-07-19,0.0,0.714,0.286,0.4939
2018-07-21,0.0,1.0,0.0,0.0
2018-07-24,0.0,0.638,0.362,0.5267
2018-07-25,0.0,1.0,0.0,0.0
2018-07-22,0.0,0.872,0.128,0.3612
2018-07-28,0.0,0.721,0.279,0.4754
2018-07-30,0.0,1.0,0.0,0.0
2018-08-02,0.0,1.0,0.0,0.0
2018-07-29,0.245,0.755,0.0,-0.5994
2018-07-31,0.0,1.0,0.0,0.0
2018-08-01,0.0,1.0,0.0,0.0
2018-08-03,0.0,0.892,0.108,0.1779
2018-08-05,0.0,1.0,0.0,0.0
2018-08-04,0.0,1.0,0.0,0.0
2018-08-08,0.0,1.0,0.0,0.0
2018-08-06,0.0,0.744,0.256,0.6705
2018-08-07,0.0,0.769,0.231,0.2023
2018-08-09,0.0,0.543,0.457,0.6369
2018-08-11,0.0,1.0,0.0,0.0
2018-08-12,0.099,0.759,0.142,0.0772
2018-08-15,0.0,0.858,0.142,0.5106
2018-08-10,0.219,0.781,0.0,-0.1027
2018-08-17,0.0,1.0,0.0,0.0
2018-08-14,0.0,1.0,0.0,0.0
2018-08-19,0.0,1.0,0.0,0.0
2018-08-16,0.165,0.353,0.482,0.5709
2018-08-20,0.0,1.0,0.0,0.0
2018-08-21,0.0,1.0,0.0,0.0
2018-08-23,0.0,0.643,0.357,0.6124
2018-08-22,0.0,1.0,0.0,0.0
2018-08-24,0.0,1.0,0.0,0.0
2018-08-25,0.0,0.822,0.178,0.3818
2018-08-26,0.0,1.0,0.0,0.0
2018-08-28,0.0,1.0,0.0,0.0
2018-08-27,0.0,1.0,0.0,0.0
2018-08-29,0.0,1.0,0.0,0.0
2018-08-31,0.146,0.854,0.0,-0.34
2018-08-30,0.0,1.0,0.0,0.0
2018-09-02,0.0,0.852,0.148,0.3182
2018-09-01,0.0,0.531,0.469,0.6486
2018-09-03,0.0,1.0,0.0,0.0
2018-09-04,0.113,0.887,0.0,-0.3182
2018-09-05,0.0,1.0,0.0,0.0
2018-09-07,0.0,0.88,0.12,0.128
2018-09-06,0.0,1.0,0.0,0.0
2018-09-08,0.084,0.787,0.129,0.2023
2018-09-11,0.0,1.0,0.0,0.0
2018-09-09,0.0,1.0,0.0,0.0
2018-09-10,0.0,1.0,0.0,0.0
2018-09-13,0.0,1.0,0.0,0.0
2018-09-12,0.0,0.714,0.286,0.7506
2018-09-14,0.0,1.0,0.0,0.0
2018-09-15,0.0,0.838,0.162,0.4391
2018-09-16,0.0,1.0,0.0,0.0
2018-09-18,0.0,1.0,0.0,0.0
2018-09-24,0.0,0.775,0.225,0.4939
2018-09-17,0.307,0.439,0.254,-0.1531
2018-09-19,0.0,1.0,0.0,0.0
2018-09-21,0.0,1.0,0.0,0.0
2018-09-20,0.119,0.562,0.319,0.4939
2018-09-25,0.0,1.0,0.0,0.0
2018-09-28,0.0,1.0,0.0,0.0
2018-09-29,0.0,1.0,0.0,0.0
2018-09-27,0.274,0.726,0.0,-0.5994
2018-09-26,0.0,1.0,0.0,0.0
2018-10-03,0.244,0.756,0.0,-0.4404
2018-09-22,0.0,0.698,0.302,0.6369
2018-09-23,0.0,1.0,0.0,0.0
2018-10-04,0.0,1.0,0.0,0.0
2018-09-30,0.0,1.0,0.0,0.0
2018-10-01,0.139,0.577,0.284,0.4588
2018-10-10,0.0,1.0,0.0,0.0
2018-10-05,0.0,1.0,0.0,0.0
2018-10-11,0.14,0.6,0.26,0.296
2018-10-12,0.0,0.631,0.369,0.4767
2018-10-15,0.0,0.904,0.096,0.1531
2018-10-13,0.0,1.0,0.0,0.0
2018-10-14,0.0,0.784,0.216,0.5106
2018-10-07,0.165,0.682,0.153,-0.0516
2018-10-09,0.204,0.796,0.0,-0.3182
2018-10-19,0.524,0.476,0.0,-0.5267
2018-10-23,0.0,1.0,0.0,0.0
2018-10-16,0.0,1.0,0.0,0.0
2018-10-17,0.0,1.0,0.0,0.0
2018-10-18,0.0,0.87,0.13,0.2023
2018-10-22,0.0,1.0,0.0,0.0
2018-10-21,0.172,0.651,0.178,0.0258
2018-10-24,0.277,0.723,0.0,-0.3182
2018-10-25,0.0,0.733,0.267,0.6249
2018-10-26,0.0,1.0,0.0,0.0
2018-10-30,0.0,1.0,0.0,0.0
2018-10-29,0.0,1.0,0.0,0.0
2018-10-27,0.225,0.775,0.0,-0.4404
2018-10-31,0.0,1.0,0.0,0.0
2018-10-28,0.0,1.0,0.0,0.0
2018-11-01,0.0,0.87,0.13,0.0516
2018-11-02,0.247,0.753,0.0,-0.3875
2018-11-03,0.0,1.0,0.0,0.0
2018-11-04,0.115,0.885,0.0,-0.0772
2018-11-05,0.0,1.0,0.0,0.0
2018-11-09,0.0,0.855,0.145,0.1779
2018-11-08,0.0,1.0,0.0,0.0
2018-11-07,0.0,0.682,0.318,0.6369
2018-11-11,0.0,1.0,0.0,0.0
2018-11-12,0.344,0.656,0.0,-0.2732
2018-11-10,0.0,0.815,0.185,0.3612
2018-11-13,0.0,0.837,0.163,0.5106
2018-11-14,0.0,1.0,0.0,0.0
2018-11-16,0.0,0.707,0.293,0.4404
2018-11-18,0.209,0.791,0.0,-0.4404
2018-11-15,0.0,0.797,0.203,0.4215
2018-11-19,0.0,0.826,0.174,0.6369
2018-11-22,0.112,0.888,0.0,-0.1316
2018-11-21,0.0,0.746,0.254,0.1779
2018-11-17,0.0,0.894,0.106,0.1689
2018-11-24,0.155,0.845,0.0,-0.296
2018-11-20,0.0,0.656,0.344,0.6369
2018-11-25,0.0,0.833,0.167,0.3818
2018-11-23,0.0,0.861,0.139,0.4404
2018-11-26,0.0,0.748,0.252,0.4019
2018-11-27,0.0,0.894,0.106,0.0772
2018-11-28,0.0,1.0,0.0,0.0
2018-11-29,0.0,1.0,0.0,0.0
2018-11-30,0.0,0.805,0.195,0.1779
2018-12-02,0.0,1.0,0.0,0.0
2018-12-03,0.0,0.825,0.175,0.1779
2018-12-06,0.104,0.896,0.0,-0.1027
2018-12-08,0.0,0.777,0.223,0.3182
2018-12-01,0.0,1.0,0.0,0.0
2018-12-09,0.122,0.745,0.133,0.0516
2018-12-11,0.0,1.0,0.0,0.0
2018-12-04,0.0,0.805,0.195,0.1779
2018-12-05,0.114,0.806,0.081,-0.1779
2018-12-14,0.0,0.734,0.266,0.4404
2018-12-13,0.0,1.0,0.0,0.0
2018-12-12,0.0,0.714,0.286,0.4939
2018-12-15,0.0,0.709,0.291,0.4767
2018-12-10,0.199,0.685,0.116,-0.296
2018-12-18,0.0,0.855,0.145,0.1779
2018-12-17,0.0,0.844,0.156,0.34
2018-12-19,0.0,0.562,0.438,0.7783
2018-12-20,0.0,1.0,0.0,0.0
2018-12-21,0.0,0.625,0.375,0.6369
2018-12-23,0.0,0.775,0.225,0.4939
2018-12-26,0.0,1.0,0.0,0.0
2018-12-22,0.0,1.0,0.0,0.0
2018-12-24,0.225,0.775,0.0,-0.4404
2018-12-28,0.259,0.741,0.0,-0.6369
2018-12-30,0.264,0.736,0.0,-0.6486
2018-12-29,0.0,1.0,0.0,0.0
2018-12-27,0.274,0.548,0.178,-0.1027
2018-12-25,0.0,1.0,0.0,0.0
2018-12-31,0.0,1.0,0.0,0.0
2019-01-02,0.0,0.645,0.355,0.5106
2019-01-03,0.0,0.602,0.398,0.765
2019-01-01,0.227,0.566,0.207,-0.0531
2019-01-06,0.0,1.0,0.0,0.0
2019-01-04,0.32,0.68,0.0,-0.5106
2019-01-08,0.233,0.661,0.105,-0.5106
2019-01-07,0.0,1.0,0.0,0.0
2019-01-09,0.0,0.729,0.271,0.3818
2019-01-10,0.187,0.645,0.168,-0.0772
2019-01-14,0.167,0.833,0.0,-0.296
2019-01-13,0.0,1.0,0.0,0.0
2019-01-11,0.351,0.649,0.0,-0.4019
2019-01-12,0.0,0.797,0.203,0.4215
2019-01-16,0.244,0.756,0.0,-0.4404
2019-01-15,0.0,1.0,0.0,0.0
2019-01-17,0.0,1.0,0.0,0.0
2019-01-18,0.0,0.793,0.207,0.5267
2019-01-19,0.244,0.756,0.0,-0.4404
2019-01-20,0.0,0.635,0.365,0.5574
2019-01-21,0.0,0.0,0.0,0.0
2019-01-23,0.267,0.333,0.4,0.2023
2019-01-26,0.0,1.0,0.0,0.0
2019-01-25,0.0,0.783,0.217,0.3612
2019-01-24,0.178,0.556,0.267,0.2023
2019-01-27,0.201,0.61,0.189,0.2023
2019-01-22,0.092,0.789,0.118,0.1027
2019-01-28,0.0,1.0,0.0,0.0
2019-01-29,0.0,1.0,0.0,0.0
2019-01-31,0.0,0.543,0.457,0.6369
2019-01-30,0.0,1.0,0.0,0.0
2019-02-01,0.245,0.755,0.0,-0.5994
2019-02-04,0.167,0.833,0.0,-0.1531
2019-02-02,0.182,0.818,0.0,-0.4404
2019-02-03,0.182,0.818,0.0,-0.4404
2019-02-07,0.0,1.0,0.0,0.0
2019-02-05,0.0,1.0,0.0,0.0
2019-02-06,0.0,1.0,0.0,0.0
2019-02-09,0.0,1.0,0.0,0.0
2019-02-08,0.0,1.0,0.0,0.0
2019-02-10,0.0,1.0,0.0,0.0
2019-02-13,0.0,1.0,0.0,0.0
2019-02-11,0.0,0.753,0.247,0.3182
2019-02-12,0.0,1.0,0.0,0.0
2019-02-16,0.0,1.0,0.0,0.0
2019-02-17,0.0,1.0,0.0,0.0
2019-02-18,0.185,0.637,0.178,-0.0258
2019-02-21,0.108,0.692,0.2,0.296
2019-02-19,0.0,1.0,0.0,0.0
2019-02-22,0.0,1.0,0.0,0.0
2019-02-25,0.113,0.887,0.0,-0.1027
2019-02-27,0.0,0.863,0.137,0.2263
2019-02-28,0.0,1.0,0.0,0.0
2019-03-01,0.272,0.471,0.257,-0.0767
2019-03-02,0.0,1.0,0.0,0.0
2019-02-24,0.131,0.633,0.235,0.3182
2019-03-05,0.371,0.629,0.0,-0.5739
2019-03-04,0.0,1.0,0.0,0.0
2019-03-03,0.0,0.86,0.14,0.0772
2019-02-26,0.0,1.0,0.0,0.0
2019-03-06,0.0,0.881,0.119,0.3182
2019-03-07,0.0,1.0,0.0,0.0
2019-03-08,0.0,0.885,0.115,0.0772
2019-03-11,0.0,1.0,0.0,0.0
2019-03-12,0.0,0.0,0.0,0.0
2019-03-10,0.0,1.0,0.0,0.0
2019-03-13,0.0,1.0,0.0,0.0
2019-03-14,0.0,1.0,0.0,0.0
2019-03-15,0.0,0.845,0.155,0.296
2019-03-16,0.0,1.0,0.0,0.0
2019-03-22,0.0,0.885,0.115,0.0772
2019-03-19,0.403,0.597,0.0,-0.4019
2019-03-21,0.0,1.0,0.0,0.0
2019-03-20,0.0,0.647,0.353,0.7178
2019-03-18,0.0,1.0,0.0,0.0
2019-03-23,0.0,1.0,0.0,0.0
2019-03-24,0.0,1.0,0.0,0.0
2019-03-30,0.333,0.667,0.0,-0.25
2019-03-28,0.0,0.833,0.167,0.296
2019-03-27,0.0,1.0,0.0,0.0
2019-03-26,0.0,0.794,0.206,0.3818
2019-03-29,0.0,1.0,0.0,0.0
2019-03-25,0.0,0.719,0.281,0.5118
2019-03-31,0.0,1.0,0.0,0.0
2019-04-02,0.265,0.735,0.0,-0.2023
2019-04-01,0.139,0.861,0.0,-0.2732
2019-04-04,0.0,1.0,0.0,0.0
2019-04-06,0.0,0.748,0.252,0.4019
2019-04-03,0.241,0.759,0.0,-0.5423
2019-04-05,0.113,0.887,0.0,-0.1027
2019-04-07,0.417,0.583,0.0,-0.6124
2019-04-08,0.23,0.638,0.131,-0.34
2019-04-11,0.0,0.342,0.658,0.8225
2019-04-12,0.0,0.588,0.412,0.4939
2019-04-09,0.0,0.752,0.248,0.5106
2019-04-10,0.0,0.647,0.353,0.5994
2019-04-16,0.342,0.439,0.219,-0.1027
2019-04-15,0.0,1.0,0.0,0.0
2019-04-13,0.211,0.789,0.0,-0.1531
2019-04-17,0.126,0.874,0.0,-0.0772
2019-04-14,0.0,0.783,0.217,0.3612
